Transaction_ID,Predicted_Sales
105526,281.68
100772,519.14
107840,112.94
102396,363.17
101479,152.36
101847,164.49
109109,456.62
104275,486.89
103741,534.91
104601,264.62
108088,213.38
108711,267.14
106677,510.52
106376,591.28
108125,169.75
109539,451.23
104916,336.86
102074,386.11
104755,537.5
101897,552.49
108553,121.96
106703,435.55
106318,140.51
103660,221.44
106582,282.33
102380,243.63
101448,157.37
100343,527.47
105128,115.31
103137,470.15
102528,136.35
100728,345.73
104578,208.8
100977,370.05
108392,355.57
105444,169.34
109035,500.05
103517,245.12
107976,209.87
109788,398.29
103941,196.56
101300,258.08
109765,112.59
101349,207.1
100661,512.11
105887,531.75
101493,299.92
109947,546.39
104590,309.06
108531,496.36
105155,170.32
102316,283.98
109615,517.95
109578,183.69
107025,397.06
101086,309.6
102525,301.17
108969,544.88
105375,267.58
103199,113.93
105752,337.47
104009,126.87
105718,134.13
106658,577.1
109358,191.43
108791,370.98
100068,417.18
107924,279.37
100041,110.15
102270,522.98
102382,587.32
107342,576.17
109962,338.25
104917,242.75
105323,595.83
105774,470.74
106233,526.98
106964,329.64
103448,312.87
106817,260.97
102368,561.12
107982,400.0
108167,434.76
102513,356.06
109620,132.12
102724,450.3
105949,416.61
109186,401.75
109005,475.57
101144,223.59
109737,416.16
107223,416.5
108293,584.2
109221,470.44
104729,574.61
105495,212.41
105756,415.88
107563,119.35
103790,360.76
102221,448.8
105076,284.48
102332,316.6
105395,526.84
107440,391.05
108068,267.58
107091,167.14
109337,247.47
104089,238.8
101968,571.91
109364,243.84
109797,347.47
106758,341.88
109587,498.24
104366,533.17
107000,243.5
100424,519.37
100281,480.24
101905,112.52
100596,321.77
108580,465.8
103918,319.21
106143,130.22
105662,501.67
105779,214.81
103619,554.1
106846,562.2
100840,413.98
104597,271.92
107497,544.0
100142,457.37
102598,368.88
106702,557.73
107757,515.11
101378,353.3
103675,340.39
108771,594.69
109896,482.11
106363,190.02
104742,184.2
103809,316.19
101139,164.99
102258,441.4
107866,386.7
101788,286.35
103939,196.13
109317,416.35
104647,384.31
100460,385.61
106116,215.89
109543,336.07
100949,484.29
103701,444.37
101337,497.76
106371,148.25
104629,171.33
106287,438.26
105926,421.48
105935,215.61
106041,174.61
100442,424.38
106660,593.13
101603,285.08
102239,432.65
100640,191.56
109821,288.93
103831,273.87
109396,473.02
106145,254.4
107986,148.43
109053,240.61
106345,242.21
102502,227.46
101959,401.89
101071,561.8
100156,474.04
102296,309.12
109802,532.25
104579,474.22
101090,394.27
106050,176.14
106416,275.13
102941,228.35
100724,167.43
104385,170.87
100931,295.67
102910,595.71
107846,398.09
106764,219.69
108389,251.18
106417,363.94
100896,313.96
103248,114.77
102327,227.6
107097,390.33
109506,274.55
107582,277.42
109743,546.69
105039,144.97
106451,396.5
104137,572.5
109249,570.67
101716,150.63
101699,162.81
109691,352.21
109550,587.85
109972,417.43
108225,480.63
103832,334.46
106300,518.33
103349,148.59
109519,337.53
100986,485.2
101822,382.62
104572,595.12
100588,140.3
109758,293.33
105078,178.14
107783,169.39
108324,523.79
109523,487.7
109968,293.01
105484,390.77
107747,199.33
109281,285.43
105515,522.12
109528,266.65
108872,269.24
105554,201.51
103558,189.95
101396,514.52
100265,323.68
103548,170.82
106845,487.75
107629,226.56
106789,290.53
103070,133.94
105026,327.45
108397,444.59
103865,237.58
109073,397.78
102401,468.61
106275,486.31
108485,453.98
103712,369.56
100247,136.89
101595,274.78
109683,357.68
101530,193.71
108224,392.62
100924,357.84
107554,537.01
104365,293.22
100670,470.3
103605,258.62
105109,367.59
101911,402.45
108345,479.42
105249,544.32
107184,415.0
103959,523.19
106958,221.55
106027,265.5
105644,541.75
102697,442.58
102592,198.56
105907,564.8
101782,185.52
106510,286.82
103014,149.7
107134,418.66
102308,259.16
107277,513.16
103691,599.54
100688,193.67
106012,107.62
107072,128.18
100613,102.37
107168,116.26
109206,290.96
103201,533.16
102268,579.24
109782,579.34
106630,421.65
104136,499.38
101899,559.75
109531,543.15
108154,526.06
100259,331.71
102925,105.53
109425,151.54
104944,566.94
102823,124.67
106530,298.98
103340,556.96
103526,119.12
104564,569.53
109657,325.68
107909,125.13
105330,280.84
105224,391.27
102286,248.0
106064,316.86
104655,596.4
105001,223.01
106711,336.09
109325,439.04
100485,590.16
102212,136.88
105417,162.43
107564,553.78
102556,473.7
100008,163.32
103658,530.13
106412,338.64
109165,455.53
104875,178.54
104403,558.63
108917,527.48
105547,591.1
105298,463.75
102427,547.91
106745,135.95
101815,322.17
106823,210.94
109626,213.67
102275,135.11
101012,131.83
101578,120.03
107265,131.25
101068,380.2
101992,391.47
103971,416.36
109074,533.05
105880,550.04
108431,502.3
104543,174.73
109327,251.44
107194,126.03
103868,463.15
109416,528.45
106824,137.01
103049,339.94
100782,348.24
106748,561.92
102676,408.67
101750,463.06
106223,189.3
107947,397.77
102792,152.39
106520,569.83
105775,582.82
106358,408.42
104980,211.2
107589,481.7
101092,274.34
106527,430.01
109608,292.73
104628,474.14
102325,255.92
106535,543.34
108972,519.56
105056,348.88
102609,477.47
109021,588.04
102291,360.23
101728,425.25
100611,390.95
104667,590.63
108052,223.88
105414,391.23
100344,344.17
104684,459.6
108785,476.68
103751,202.95
108454,293.33
109308,290.55
106000,114.52
103216,123.5
100098,227.27
107388,323.54
107666,392.78
105177,126.71
107280,204.31
106166,465.95
101538,285.73
103589,246.05
109443,466.64
106986,316.44
103649,442.35
102658,494.24
109827,302.17
101518,176.93
105062,344.2
109350,145.82
104625,294.31
104273,434.06
103670,392.02
106567,378.07
105801,589.19
102091,563.04
107098,343.79
106172,268.26
100573,160.65
109559,572.86
104689,568.13
109075,367.26
103063,405.65
109294,150.82
106471,313.01
107161,196.06
106634,339.73
108492,259.52
107926,456.37
107346,594.06
106305,373.88
107901,203.31
109440,309.1
108186,337.55
104480,421.94
104949,380.22
105977,548.47
100371,171.81
101939,317.44
102353,202.56
107128,409.1
101754,440.61
103671,220.97
107299,575.95
103653,508.9
105202,411.56
107910,566.85
102362,179.17
104261,511.6
105433,117.44
106286,352.31
104992,262.79
107601,435.59
109463,415.35
103738,542.2
107521,399.13
108560,273.04
108927,335.42
109991,406.33
105592,206.88
101172,522.86
107371,252.46
107938,134.4
108087,343.02
101423,185.85
106783,334.73
109444,532.46
108140,557.08
109351,293.41
108019,442.57
106340,201.97
109648,193.26
100875,581.03
102298,488.4
102644,173.83
107532,568.08
101720,539.06
105348,147.17
105933,382.88
100841,480.51
109938,146.63
100582,158.47
100205,248.05
101642,142.48
102015,441.19
103254,437.69
107541,147.68
100906,180.7
100632,594.95
108421,175.93
107824,590.24
101975,391.76
100163,479.14
104999,542.29
101244,100.12
109451,160.67
107765,225.81
104714,528.06
100876,131.31
101432,563.74
108739,333.49
106869,454.06
104644,596.84
105081,370.69
105784,358.24
109139,406.16
107617,411.15
108040,418.31
107956,517.02
109438,338.37
102857,372.56
101862,307.85
102660,237.84
103385,191.08
109565,571.58
109777,538.46
108091,439.32
108348,226.52
107463,112.94
106887,227.39
104734,120.12
103332,446.4
109007,579.66
108636,392.22
106405,221.01
108347,128.62
109465,188.48
107061,249.2
102097,262.7
102004,279.04
108805,457.0
109733,356.42
104677,301.37
105018,134.74
107470,537.37
100547,265.86
101450,596.99
103987,246.69
106901,183.22
102611,513.0
101901,473.01
103921,266.44
102758,340.97
106125,575.37
106398,434.2
101886,529.52
109824,404.6
105739,552.61
108668,267.68
105891,339.49
102098,273.69
109290,365.47
105693,371.94
100500,589.27
105625,516.12
100837,310.82
103472,285.45
104698,408.24
106281,454.36
108884,373.62
102172,478.53
109232,343.47
105679,180.45
109185,366.54
100399,110.89
102011,132.09
105167,253.88
105872,500.31
109793,180.53
101284,327.14
108391,476.83
102449,256.14
104257,259.73
101837,587.57
109597,582.29
101020,466.01
105067,551.08
101327,293.3
108753,188.19
100476,440.14
102811,493.8
108633,549.33
101652,382.06
109612,399.98
101170,428.11
102529,478.9
101207,592.65
106257,447.02
107927,585.62
105470,549.24
109384,230.55
100432,527.35
107701,245.58
100868,478.29
102975,149.56
105237,593.91
105094,276.33
105434,333.89
100542,213.93
105196,172.82
101133,229.38
109838,545.19
104502,330.05
106355,550.11
109334,448.92
103391,115.84
103889,481.05
102963,262.51
104156,243.19
103260,501.4
106303,523.35
106035,267.1
107919,530.53
109937,136.28
102584,260.45
102814,407.87
103960,231.17
102948,184.83
106644,578.2
105175,415.85
106842,246.97
108299,275.99
103587,117.01
109229,141.83
107989,563.76
102564,235.3
102631,159.77
103191,339.82
107779,515.98
107646,221.26
105037,109.75
101081,174.4
104284,512.28
109712,514.62
107086,585.13
102086,320.45
106346,213.34
102453,548.47
104967,362.08
102024,563.54
108072,210.31
108988,322.0
108719,165.96
107322,536.97
100227,287.64
101014,470.05
106680,409.13
101930,230.54
101044,468.41
105252,467.28
101405,111.9
102180,362.84
100698,438.23
101125,397.68
107379,106.76
103896,572.42
108218,227.7
105111,406.17
101779,248.71
107787,382.46
102635,339.18
107188,578.25
107545,548.39
107605,536.05
103490,329.54
108260,368.96
101038,225.53
106094,246.1
102257,169.41
108189,256.65
102614,407.88
100314,275.03
102650,110.47
102282,438.2
106742,512.71
102980,239.55
102548,509.55
105513,559.58
105133,563.45
102160,514.26
107081,275.82
103138,345.31
109080,394.79
105851,362.0
109866,414.64
106446,565.11
103968,147.3
101429,375.58
108423,432.64
102521,289.75
107838,162.3
104970,271.4
101856,461.3
108885,411.13
105603,420.17
109345,246.49
109869,401.75
100449,507.62
107704,399.56
101285,274.63
105996,520.89
107900,435.66
103728,175.97
107354,322.34
100362,360.64
106280,274.04
105231,115.63
108943,239.77
107296,154.96
108892,357.87
107535,236.1
106252,224.87
105927,541.58
105150,527.62
102461,578.72
100023,370.79
102067,316.39
101654,132.31
100703,497.88
108491,506.54
102744,336.12
101377,163.43
101725,539.47
102469,500.38
103755,122.6
102326,138.46
100461,475.43
105164,215.95
104184,329.24
105527,444.24
104083,159.58
101487,413.97
103679,537.84
100283,344.11
106580,108.6
104559,517.18
104309,137.0
106685,470.65
104866,569.0
103538,396.07
103869,340.44
107004,325.8
102582,400.11
101369,217.36
109470,552.36
108198,493.26
100598,311.26
104352,458.69
106347,580.68
108977,213.01
106380,390.08
104759,222.73
100647,535.32
106382,182.56
107528,202.71
109698,441.21
106024,159.65
107955,310.79
107166,365.38
103469,458.24
107798,231.46
107698,160.56
102991,450.83
109408,148.44
104876,525.37
102545,327.21
108596,272.66
105342,575.79
101568,273.74
109995,229.06
104067,474.31
103989,560.64
107032,314.42
102161,533.94
100686,448.47
107603,392.66
107785,296.04
103244,461.08
105845,284.58
109220,261.32
102462,148.72
104084,526.17
102838,420.12
103698,582.37
107129,254.12
106268,566.97
104942,211.52
105947,327.0
104584,328.8
105785,124.58
104041,172.97
102231,250.97
107570,112.02
100936,434.87
102321,177.63
104879,203.46
100522,114.1
100523,481.67
105346,194.68
109877,249.91
103360,548.12
101312,534.61
103984,385.66
106495,216.35
109561,560.47
101717,343.59
100781,424.38
108799,330.36
108232,528.71
105608,131.59
105979,408.1
100652,220.45
103748,576.14
102197,141.14
108419,225.64
100370,198.12
109885,320.7
108006,204.14
104215,589.66
100378,575.98
109447,406.32
102217,508.64
108683,483.17
101614,276.02
106980,595.4
107550,425.55
101828,428.69
103633,242.38
100963,495.93
102994,555.11
106607,478.42
109673,135.19
102377,380.94
108881,181.3
100360,334.69
103840,454.63
108185,187.72
101247,293.83
107505,481.02
108350,387.16
106512,554.88
105088,371.09
103695,374.68
101574,597.19
106282,421.61
105440,193.62
102568,119.46
103424,117.88
102038,321.0
109244,548.94
100773,205.48
105381,204.51
109569,239.36
103563,530.61
100563,367.32
106684,352.52
102547,207.88
105511,520.41
105331,377.4
109668,487.04
104532,323.25
101675,351.05
107396,300.34
100366,507.18
108017,486.38
109377,157.82
104328,349.38
109984,576.73
100148,239.49
101669,573.84
103089,596.45
108845,215.28
107651,561.64
100408,314.25
109585,274.68
107789,355.27
103457,285.92
106187,113.63
104183,228.16
103577,464.92
103272,382.12
104941,107.08
101032,328.34
108873,546.87
106231,391.67
106593,169.5
108907,156.87
109812,564.01
106725,289.63
108030,503.65
108053,182.48
100856,466.52
103927,382.58
108548,386.2
100079,281.71
107089,357.87
102248,201.58
108264,226.53
104027,540.75
109950,416.45
109572,558.33
109296,383.82
100715,592.64
107452,134.5
100789,140.86
102280,488.45
104096,197.34
103898,235.95
107945,422.24
107178,577.34
109077,450.38
109453,297.61
103632,216.86
108625,453.11
107298,265.29
106273,372.22
100425,422.05
100393,384.53
103192,491.98
100017,440.61
106336,386.94
104201,544.49
102673,435.23
102445,591.21
106698,529.09
106165,550.25
102602,116.54
103494,535.61
106045,563.28
101460,220.9
103805,539.92
109846,189.53
107395,388.54
104840,110.18
108112,475.82
103836,504.49
109314,489.94
105684,565.77
108749,548.39
105828,585.7
109749,184.97
104725,411.16
108760,497.43
105888,231.9
102356,528.57
106037,252.87
104799,571.47
102443,399.43
108646,570.08
104593,139.2
108773,432.82
100465,181.19
100164,458.95
109262,571.77
109434,358.97
108406,340.9
109778,548.83
109479,128.03
107381,253.91
106637,134.33
100242,488.51
102010,157.45
106357,425.44
103085,302.91
106209,214.05
100901,272.58
105543,392.7
106008,511.91
107639,116.69
106794,280.91
108870,230.78
107759,278.07
104838,426.61
102294,247.74
106549,459.71
107899,536.63
107978,458.41
104482,439.37
105303,474.2
104606,163.96
103717,513.33
109072,318.67
106141,501.86
101765,591.58
106599,208.7
101550,266.85
103030,473.7
108654,281.54
106299,159.7
106663,314.57
106627,431.82
102045,178.61
100768,564.19
105694,124.99
107871,107.86
107796,561.23
101509,127.55
107231,583.77
107858,360.48
103303,304.43
104518,485.31
104220,289.77
109079,106.4
109941,133.92
103293,527.01
100820,331.58
101404,188.32
101383,252.61
102149,350.0
106929,544.31
105672,153.59
101639,319.13
105892,144.14
107428,344.96
100609,384.19
106908,341.67
100400,429.03
107248,568.95
106407,571.98
100883,545.32
103566,576.37
104286,115.76
101180,176.99
105449,318.35
104245,124.64
105219,596.28
103977,119.5
102131,221.54
105079,378.6
100457,583.59
105583,584.3
105176,287.53
101951,166.93
105373,550.45
100690,489.66
108853,231.92
106526,180.7
109822,416.87
106489,478.68
106922,525.83
101954,318.9
107635,456.38
105637,281.61
107155,505.42
108425,439.41
106611,170.63
102711,107.26
108731,458.15
103202,497.4
104350,428.07
104139,237.81
101885,117.48
108640,255.34
104486,205.62
102495,155.14
105948,568.38
103037,545.84
105778,483.11
103604,383.52
100846,131.95
100543,394.26
103725,426.77
104188,345.6
103680,247.27
108900,557.02
107968,240.14
108486,188.64
106076,247.04
107341,159.16
108226,135.94
107247,289.77
109711,305.22
108291,119.32
107138,306.45
102965,439.95
107560,507.68
102530,254.01
107285,369.37
105773,483.82
101049,397.9
107046,317.59
101961,510.98
102531,338.34
109049,316.14
107604,194.73
106525,296.44
100238,318.55
104918,160.11
106480,593.97
101134,449.33
106977,402.66
105902,468.59
109058,216.3
104260,567.97
108841,545.07
106966,416.16
109980,393.6
100793,128.25
101986,238.52
105657,574.07
108740,128.5
107936,492.34
106098,168.58
105908,315.25
107374,338.85
108129,270.85
102979,157.83
108862,366.58
109302,494.86
106722,583.18
107843,297.74
105525,195.76
108722,123.13
108432,463.57
109009,522.98
108604,574.0
107175,164.27
103920,411.44
103139,275.62
109417,388.45
109934,594.87
105790,469.14
104074,391.66
103288,374.48
103230,156.23
101827,228.36
105549,133.01
100594,323.31
102726,115.54
104138,422.29
100561,175.36
107407,571.53
108807,251.43
108387,116.68
100244,470.11
107269,209.44
105436,572.31
104438,472.92
109685,508.11
108107,346.34
100406,131.53
101443,437.32
100262,597.18
104407,599.44
107634,271.75
109534,171.94
101690,517.44
109867,129.55
101726,290.9
108995,219.58
104931,490.72
105963,472.21
102497,517.01
109015,254.14
106905,495.54
106107,307.77
108201,154.05
100341,478.64
102409,205.8
101602,537.19
109865,188.67
108360,411.37
105783,399.98
104577,340.76
107972,188.33
103726,485.25
102557,138.4
102786,165.29
101524,339.71
107718,319.24
102508,293.84
102832,571.13
101013,279.83
105281,310.14
104896,599.62
101767,105.42
104552,499.54
107122,554.66
106550,189.92
104038,337.94
108271,336.07
100149,576.42
100286,598.27
107801,504.05
109652,398.39
100364,491.07
105368,418.78
109946,283.97
108411,410.82
109454,414.5
104726,255.69
107272,280.33
106771,563.87
104444,195.87
107447,406.13
100237,178.4
107710,584.22
109586,346.24
102563,524.73
107124,551.04
108537,235.52
109603,287.85
105520,262.66
109614,558.69
103084,139.81
102960,532.09
102103,160.9
100633,374.95
106814,307.71
102494,247.66
102666,277.62
108495,169.7
108426,520.13
109267,295.1
104212,206.5
103875,481.16
102818,523.28
108269,115.51
109816,403.04
107427,381.88
108603,255.73
108476,326.78
101736,431.05
107398,598.2
104256,578.31
108289,530.65
102476,495.91
109985,424.91
103714,293.39
108979,411.02
101805,384.82
100708,311.95
109192,241.95
105190,469.82
105473,221.38
100073,309.66
107844,280.94
105102,116.07
106765,127.87
101126,144.18
101242,265.35
108254,341.95
102350,572.33
106603,456.5
106781,379.8
104359,587.23
101344,297.3
109989,391.46
108680,435.92
109576,414.79
106653,100.5
101101,312.86
107328,116.44
107623,117.99
100988,354.6
102853,341.01
100631,374.48
101250,402.73
103180,598.33
100483,202.0
103041,146.36
105011,378.3
108728,404.97
107001,196.1
103274,157.36
107228,475.69
103684,417.61
106675,518.8
106808,126.49
109739,356.62
101317,302.5
103226,229.99
101073,380.09
104816,189.16
108460,495.36
105753,303.17
109146,349.37
104617,267.3
103098,506.42
106870,296.28
101301,444.87
107286,520.97
106285,503.66
105496,415.62
105292,189.69
101799,549.69
105204,304.84
108228,480.55
105048,323.18
106442,492.8
108106,233.04
102360,311.98
109381,312.08
103655,341.05
107053,284.34
101287,526.3
109127,341.74
104446,302.46
102138,320.08
106788,362.63
109753,161.77
108511,287.2
109540,301.37
106895,351.31
108570,115.49
107152,527.13
100964,150.81
106013,232.65
104883,470.39
100141,188.21
109033,398.68
106937,326.82
106543,197.42
105244,538.16
104432,567.12
100407,228.68
108213,361.61
108377,193.88
108628,214.21
108235,210.11
104400,213.65
105253,474.48
100012,220.63
104761,199.34
101178,259.12
102864,500.98
106472,394.2
106229,277.12
102990,571.62
107118,599.36
107011,572.71
108558,278.58
101441,512.48
109748,457.28
102876,430.81
109099,471.09
108789,551.97
107233,366.75
103727,109.38
102773,211.14
100455,346.61
108190,347.0
101368,413.69
103713,354.28
109853,206.13
101389,342.66
101001,336.5
107762,335.02
103554,459.31
104115,306.11
101668,467.91
103174,175.26
109398,115.0
100489,156.6
103231,356.12
103829,353.69
108652,460.45
105209,112.9
107849,186.18
105705,354.34
109640,580.79
108134,211.67
100704,368.34
105106,380.69
108894,491.74
103292,452.18
108126,559.68
109632,379.81
109022,407.29
104910,189.74
104441,317.78
100987,588.66
109237,171.12
109884,455.96
107706,234.61
106258,477.57
106090,245.52
105239,369.2
101199,281.97
109071,590.41
107520,202.08
106813,486.6
108321,445.07
107176,165.63
104471,405.18
100892,362.36
101970,276.5
105758,261.76
106528,313.38
106295,196.27
107596,574.93
103250,369.76
106571,468.4
106639,479.38
107352,141.21
109173,141.22
107474,542.66
109602,356.65
108674,255.13
101240,119.12
102290,267.88
102741,532.47
104586,185.13
101230,427.25
106981,599.84
105179,228.29
104294,170.48
101059,117.24
106263,415.64
100282,342.95
100969,381.42
103954,143.58
101940,385.27
108465,484.03
101275,140.89
100620,222.83
108506,237.4
101743,436.46
101391,161.6
102204,409.93
103569,128.12
106117,160.17
109971,321.65
106053,396.29
103179,191.54
103193,301.44
106100,478.64
107030,480.82
100576,208.8
106657,235.65
107116,235.19
108803,198.5
106277,448.88
108985,485.98
105898,420.33
105725,139.26
100270,227.78
100630,306.49
103082,129.71
103467,127.73
106431,327.71
109312,224.77
107063,257.2
109728,533.04
105544,286.6
104357,528.29
102114,246.03
108220,287.36
103217,526.22
103815,580.21
108322,365.19
108590,382.57
102279,174.63
104600,519.99
100014,567.32
109226,272.58
101526,145.09
102366,155.14
104649,463.68
100375,471.57
108522,176.13
106478,590.6
100526,473.01
106896,594.54
103592,356.91
107905,456.65
102959,577.58
100530,486.43
103715,593.1
104733,490.02
101395,288.6
105632,237.7
106564,249.96
104704,322.86
101713,137.44
109756,189.48
100956,172.29
106676,422.07
103454,415.26
102072,527.41
109741,242.55
100159,249.95
107006,366.63
100353,189.74
106079,596.99
106237,229.4
102921,562.49
104645,264.93
100662,109.36
107058,237.23
103666,155.13
107980,113.75
100307,593.39
104791,512.68
102357,369.86
101928,476.84
109940,254.86
103428,507.75
103639,305.99
101267,507.44
101561,470.68
107180,152.25
104110,370.47
107868,295.68
104905,288.82
107295,203.35
100515,134.53
100895,433.75
100022,512.3
100900,421.97
100208,388.84
100459,221.06
102431,230.09
108443,291.26
103390,103.48
103912,267.06
105384,169.15
100553,155.67
103145,388.3
106918,170.76
102057,391.01
101926,136.4
100635,575.38
106083,312.07
109271,243.28
109679,204.43
100106,425.64
103042,156.46
101710,199.9
100090,177.2
107015,442.22
103175,570.67
100918,580.21
107834,364.5
106733,441.56
101950,130.0
106369,392.73
100002,100.86
108033,238.68
106048,155.5
102721,325.0
109813,180.89
103118,542.81
109466,555.14
103763,427.88
100214,585.67
100779,330.08
103497,350.11
108818,141.39
102044,319.95
105421,576.44
106155,200.87
108358,304.54
108708,472.17
108466,271.92
104168,407.21
103789,342.52
100584,262.66
109912,505.62
109987,339.86
100117,295.95
106645,243.29
109034,237.45
109952,208.59
108960,254.73
101764,132.52
101876,474.08
103225,494.08
100527,123.61
107726,398.73
102947,241.62
104474,418.21
105656,199.89
106060,561.96
100960,104.33
106343,258.7
103634,499.29
101051,206.46
103381,114.79
103677,216.47
105777,481.12
109046,181.46
106574,275.53
105180,487.44
101608,234.9
103611,120.31
109759,580.75
106636,131.7
109998,238.34
100792,454.68
103057,368.52
101981,414.32
103599,284.91
100934,127.57
107425,141.47
105627,586.83
101683,443.39
104180,318.71
106447,109.82
104117,467.5
100989,441.3
102897,297.75
103779,530.17
105659,485.68
103094,433.57
103156,484.67
101824,476.7
109623,273.67
101099,450.09
102845,216.99
103343,326.54
100039,247.55
106541,491.76
109474,520.59
103357,378.23
107814,191.12
108221,134.51
109228,155.32
102429,421.25
105044,467.16
105347,572.44
104812,506.62
108477,570.54
100687,443.73
104800,453.24
107438,154.31
102354,591.03
106354,429.15
104570,494.18
108214,204.13
102753,342.14
108074,328.86
101041,280.52
107492,132.17
101266,312.72
109266,514.01
107060,248.84
100278,103.17
105085,269.56
102383,336.19
100572,443.28
101436,575.54
105353,217.11
105446,367.29
101008,472.63
104544,225.33
108817,392.57
102065,465.59
101137,140.57
105344,450.97
100295,595.75
102404,221.82
103999,189.17
103742,557.75
109223,207.77
102720,536.44
109200,246.38
105151,169.53
102809,126.11
100557,429.4
108926,457.49
104796,330.24
102470,242.35
103739,172.96
104287,219.42
102605,114.72
100363,533.49
106925,110.13
101705,166.19
102140,372.01
103240,103.17
102384,507.61
107315,120.45
104312,249.72
101313,310.49
103931,555.78
106184,163.5
101592,415.92
109388,497.58
102163,362.31
102397,258.32
100318,377.14
105234,306.29
105069,556.12
104037,271.95
103021,322.4
108229,232.35
105296,539.74
103973,295.26
105371,260.06
104134,566.48
100975,439.52
107292,346.64
100955,572.07
109307,108.8
105017,130.22
109731,330.28
107491,578.26
101641,364.2
101291,475.86
101381,409.13
101934,114.97
104676,260.18
100893,466.09
107288,375.78
104877,489.56
107907,200.33
108195,192.06
109380,349.51
102467,549.05
107658,136.65
101914,579.89
102737,241.41
100727,110.89
107215,277.2
108246,278.3
101797,188.48
103846,520.83
106403,560.56
100937,317.23
102266,468.62
100825,233.23
107275,267.73
101390,326.76
103565,286.66
105430,549.41
107828,204.85
105691,111.75
107879,202.46
101869,541.45
108203,325.96
107487,474.93
100807,480.56
104806,196.39
109153,581.56
107512,438.91
108057,371.15
104495,478.96
102633,114.54
108901,413.72
108624,494.52
107833,458.26
104389,237.7
100146,385.06
106468,560.33
102034,583.15
109128,508.85
101166,443.95
102051,299.79
103761,106.95
104436,533.16
103431,464.48
108191,227.71
108754,165.24
107070,443.4
104362,485.61
101772,299.02
103512,209.74
100272,414.51
108437,167.95
102033,209.37
109665,357.06
103811,525.62
104347,398.99
100546,561.13
103242,550.41
108503,159.46
109919,263.3
107565,203.32
100921,495.86
109119,122.31
106641,560.69
107695,362.03
108231,247.19
107127,465.79
104279,491.65
102984,510.3
100131,372.81
107981,455.35
102668,198.93
107139,219.74
103224,153.63
107694,508.37
105393,160.3
100615,335.55
109903,311.05
101467,571.8
104498,176.51
103043,477.7
102420,361.12
105086,374.41
103295,523.63
106738,361.91
101501,549.73
101522,236.3
109118,201.11
104233,307.04
107687,222.24
104431,407.84
100391,571.26
109859,239.48
107125,302.21
105914,521.88
108593,477.85
104807,486.94
108955,161.98
108239,401.38
108045,364.51
109783,237.07
103994,374.01
109552,381.07
106610,351.13
105320,598.24
107120,449.14
102422,359.28
105605,577.59
101751,500.1
109016,420.17
109719,332.16
100339,174.24
108408,589.32
101342,115.33
109545,405.13
107983,354.67
103641,311.54
100330,579.76
108829,198.23
103005,223.42
106961,507.12
104091,261.92
102323,570.7
106668,146.17
107010,411.13
104198,194.13
103550,460.75
108364,441.9
104204,207.77
109311,298.76
108937,302.04
106186,268.77
101640,228.57
100061,142.1
101241,151.85
105761,428.59
105137,450.83
102344,597.74
102121,164.85
101525,249.97
107618,569.62
100154,564.48
100482,161.61
106123,463.96
107675,433.3
107102,260.33
101763,506.29
107716,419.14
109082,411.76
107480,172.97
106213,301.79
104854,326.94
102712,599.55
106767,568.6
104151,507.18
101334,160.46
108379,474.27
109390,443.86
109708,210.98
109122,340.1
103851,340.91
108341,332.32
104125,351.04
108964,479.02
104789,442.87
102867,552.71
101387,353.04
105942,306.74
103068,540.14
109059,434.68
103630,199.27
109456,492.16
108950,250.38
103029,217.01
102970,135.31
108647,284.02
106137,386.29
108802,569.09
104264,450.41
100646,155.33
109654,484.79
102075,412.47
100342,194.19
108042,178.1
101623,540.2
107142,546.77
105797,235.74
107185,372.9
108233,329.34
105476,497.57
109253,391.07
100075,272.94
108634,526.3
109230,340.53
102052,301.64
102542,598.38
101302,472.56
105878,538.19
107369,590.97
101305,355.85
108429,280.36
109095,130.79
102600,572.84
102574,376.11
103187,367.87
102769,504.44
104832,284.15
104224,178.8
109650,197.66
102107,218.59
102680,195.99
101388,496.4
108932,494.99
109660,188.67
107084,225.6
101280,568.79
100805,407.64
101556,288.17
109487,393.93
104567,254.6
109670,477.54
104842,270.0
103595,156.4
106036,408.64
106853,167.45
108706,538.86
104178,234.1
101309,482.96
103453,341.07
103696,514.44
104243,295.2
102199,224.59
104426,562.62
106151,116.63
100944,239.66
100823,179.55
105006,292.15
106613,267.1
108357,585.14
105620,213.0
104548,113.82
102539,597.53
105208,296.28
109515,281.23
109010,435.39
103055,325.27
103676,553.58
107777,304.89
107219,377.93
106723,288.5
103301,163.42
103311,503.02
107222,554.87
108520,329.32
105955,424.05
100833,282.2
103463,249.69
107644,476.53
100055,363.79
103452,108.54
106306,460.94
101482,540.17
104874,336.73
108039,157.4
103336,167.2
106017,394.47
104927,358.31
105798,410.23
109832,559.43
105084,403.04
106646,597.24
105491,193.07
100769,506.23
102066,515.53
109501,117.46
107312,557.8
108478,509.28
104525,437.35
102718,394.74
102080,152.59
108915,186.6
100952,317.49
108059,408.59
102483,590.44
101760,473.72
104423,536.14
106705,436.08
105183,469.95
108534,556.75
103702,364.55
104244,189.2
100689,107.1
103433,325.9
104945,223.57
100967,235.51
109485,175.72
102714,436.43
104758,344.35
109546,577.26
106321,530.25
105976,487.46
103573,175.88
105300,465.16
101991,194.68
101206,562.85
104972,362.38
106784,541.21
103601,599.27
106491,462.36
108610,440.75
109979,185.75
108071,261.88
108578,139.61
107974,248.91
101626,538.98
100537,109.03
108767,449.38
107971,557.08
104213,435.98
106457,355.58
103508,215.72
108394,131.82
107113,281.18
102709,564.24
105032,317.64
106515,235.95
104663,196.77
104022,530.38
101855,265.45
109426,462.15
102873,206.24
103031,116.76
101646,480.13
103418,194.95
103477,148.3
109553,235.62
101793,426.48
103798,308.46
103369,573.49
107197,569.1
109642,551.96
105110,370.24
106025,455.96
108796,461.07
109295,158.03
100127,513.37
105960,352.08
103877,473.97
104452,145.53
107148,369.03
103532,269.24
100828,494.61
107791,235.12
100985,479.19
107784,430.62
102444,298.62
108555,529.72
100346,556.66
100815,393.47
106167,107.47
105780,251.51
102117,584.38
100794,460.07
106899,250.26
102675,204.91
100095,451.53
104226,134.14
103757,167.74
102892,409.96
102372,153.18
109389,388.14
103229,287.26
107864,486.94
106360,328.01
109197,528.52
107327,510.33
106029,554.26
101866,489.94
104613,404.89
102646,331.14
102244,409.55
105374,378.26
102337,317.22
100951,175.58
101121,533.73
102205,523.85
100420,513.45
100923,443.83
108670,347.77
105409,283.78
105789,428.96
105743,496.72
107668,483.77
105568,389.73
108136,285.47
101203,545.96
105766,515.11
108390,490.12
101971,408.72
104019,475.66
103688,117.9
101998,349.74
104034,147.56
101249,328.64
102193,568.83
102713,486.27
102191,496.88
104671,305.89
105143,396.43
105985,352.14
106566,283.17
107805,585.82
106944,571.34
102137,445.59
101066,136.74
100601,308.08
104228,234.42
107578,506.28
100078,149.21
107547,231.87
102899,582.52
104821,334.98
109303,238.24
106414,502.27
109065,489.47
108008,138.06
105469,467.66
105952,529.43
103392,170.91
105416,234.7
102561,399.71
108163,289.81
102636,378.48
105257,438.7
103531,117.16
108568,245.4
101909,225.1
100236,174.66
101605,595.72
107985,322.05
103491,529.11
101995,250.95
102825,142.48
109286,275.43
101343,289.48
108513,530.07
101620,535.24
105288,359.41
102061,358.15
109956,242.71
102220,121.56
106039,545.86
100261,311.77
109366,436.41
109094,458.81
103745,526.01
102027,311.79
106989,584.76
104235,409.02
101918,355.29
101829,165.69
106234,451.26
109333,534.47
106284,349.18
104209,338.65
100225,507.49
108916,151.53
106470,422.57
109414,419.27
100847,311.05
104290,462.83
105561,193.93
102552,587.08
100118,254.53
108838,427.45
105967,136.21
108196,280.89
108660,485.74
107490,474.52
100006,388.56
105343,162.5
109112,120.3
104325,513.57
101064,295.69
102591,417.93
108435,460.03
103736,346.71
103518,376.79
106987,214.92
106768,350.09
105623,160.31
101606,574.41
101734,324.56
109342,103.44
103813,248.25
109625,560.2
101762,568.15
105402,283.33
102740,359.2
102473,494.68
106739,305.62
106892,241.41
107944,247.96
104207,495.71
106372,397.37
100233,500.53
108259,590.95
107562,551.25
106169,495.23
103597,109.31
106289,418.49
104633,565.87
100126,332.03
107642,262.86
106230,251.0
101297,140.22
101977,493.54
109481,463.62
109582,301.45
105751,134.15
108153,156.65
103087,180.55
109277,331.5
106883,237.73
109306,316.91
107674,284.3
103346,264.44
108173,248.82
109422,334.43
105871,541.95
106507,314.08
102798,574.92
100919,401.53
101647,153.81
105123,275.96
105127,433.64
104622,438.29
106810,570.01
100365,196.37
102126,182.81
108151,356.91
108718,430.85
100056,310.91
100639,343.85
100303,242.06
105812,479.17
101277,331.21
104433,382.05
103645,218.59
104144,132.51
102879,446.94
106494,218.48
105241,268.34
109409,167.15
106938,292.03
107241,380.26
102594,549.08
102394,206.09
100524,344.6
106377,127.07
106982,102.36
106678,277.71
103901,492.12
109635,125.39
105586,380.63
109361,311.77
107957,230.59
107571,379.65
106778,542.26
100672,544.29
104189,228.93
100667,579.79
103267,524.57
101888,288.19
108473,322.08
109092,173.65
107688,370.13
106032,188.03
106091,149.04
106239,448.78
107351,551.28
107831,428.19
100761,109.43
106255,292.18
101907,369.33
103819,504.29
106270,316.66
104301,570.07
105570,580.91
107942,380.39
104165,523.31
105972,449.15
103580,422.12
102833,465.0
105450,463.01
103473,353.51
106328,568.23
100138,533.88
107044,101.05
104893,392.12
102181,255.02
107731,301.56
103178,218.11
104855,340.1
104638,302.66
105116,169.51
107649,548.54
104262,130.34
101332,211.89
107003,456.01
106942,438.97
108018,117.4
106242,581.05
109988,200.02
106882,257.51
104531,404.63
104674,525.54
106997,428.42
101253,205.22
103375,102.14
102815,576.56
104720,425.19
106545,445.82
104859,139.47
107902,578.81
108581,132.29
108428,161.5
101078,262.3
104364,270.94
100771,399.02
108866,566.34
100250,250.17
107240,214.97
103420,533.88
104977,582.52
104545,256.37
105566,297.41
107940,386.86
100717,239.87
109653,103.6
102049,319.06
105998,194.62
106601,192.36
107246,540.54
104179,469.48
104810,146.96
109483,110.48
107141,309.92
107191,476.56
101461,465.25
105990,513.21
102001,599.0
108176,416.06
100405,486.27
100385,349.35
109449,350.81
109488,538.25
101634,526.4
109854,342.6
104785,335.18
109457,200.37
106971,192.85
103926,501.45
104159,243.67
107450,214.13
108416,325.26
102194,319.92
101016,230.72
105125,343.32
107419,505.32
107410,554.73
108990,200.02
102872,355.59
100010,585.61
101839,418.95
104805,590.53
100256,343.35
107027,384.61
105714,269.04
103325,191.77
107715,241.13
101582,204.9
100925,353.27
102780,270.59
107892,151.18
106133,388.58
105321,511.69
107313,181.71
107103,348.6
106043,598.57
103776,414.53
104836,105.5
104965,512.68
100540,419.9
107484,483.49
102746,437.84
103720,443.88
106820,324.85
109338,598.63
104469,355.96
100668,224.36
107576,479.82
108550,207.61
105064,204.78
101354,385.15
107115,431.58
109774,213.15
108663,448.24
102704,246.62
103331,270.65
108054,351.26
103585,475.95
109442,348.59
105646,587.79
103377,453.4
101257,347.44
106191,192.33
105349,123.76
104176,154.16
104911,574.24
101853,187.57
106317,457.85
109855,520.24
102106,391.33
100134,416.24
105030,203.73
100929,495.97
100824,242.55
107577,442.68
101532,223.62
101215,244.16
100505,137.8
106531,388.48
103073,223.09
109087,501.24
108648,389.69
106620,197.66
109274,357.29
103710,225.68
104850,114.8
104749,260.38
104269,319.97
109879,536.26
108906,124.63
104187,217.05
105302,266.46
102924,328.21
106589,217.79
101811,351.6
103487,212.37
107420,178.4
103142,414.54
109348,150.32
101325,427.92
104313,149.8
107495,539.44
108703,470.09
108692,212.5
109504,235.67
105542,549.26
106173,131.51
101541,507.93
109410,305.45
102682,597.9
109883,293.73
106314,569.85
101192,191.29
105294,130.58
101543,317.09
107057,199.42
102540,482.04
100954,372.63
107242,437.92
106732,343.0
104847,165.59
106802,372.01
108011,212.64
104331,442.99
108925,173.93
105335,595.79
107331,119.15
109349,447.43
104730,590.33
106542,561.05
105306,462.05
105162,440.08
107861,572.01
102157,383.25
101063,211.4
101168,568.92
103637,533.69
107652,298.31
105589,546.81
107193,436.57
104492,363.4
107267,310.76
104981,317.41
108336,114.92
109953,166.02
104947,524.85
102783,201.6
100718,300.94
102503,141.69
104361,435.95
104172,132.52
108083,511.99
109761,140.29
100396,244.88
107187,132.72
109823,554.18
104493,406.13
101366,454.82
109527,425.0
108788,179.46
105918,472.47
104969,168.28
102915,187.8
105645,313.71
103767,478.11
103441,467.51
107358,540.01
106807,114.61
102144,243.75
105105,135.19
105074,102.64
101572,186.73
104080,145.05
101123,321.51
102787,334.96
102968,133.01
102505,166.52
105989,166.34
108868,314.49
107165,391.25
100729,253.12
107588,110.44
107544,239.86
100413,478.32
105746,431.48
107669,258.75
100826,513.37
103268,272.25
103975,322.0
108809,273.47
108307,379.85
100418,228.54
106749,163.62
108968,454.31
102083,260.24
108946,302.73
103374,115.61
105727,487.83
104108,357.93
104381,590.25
107724,101.73
101067,278.3
103914,385.23
105537,155.24
108003,241.55
105388,187.75
105733,386.29
102739,357.26
105053,270.51
104001,517.41
102428,398.81
106834,594.57
101688,435.06
100852,343.93
106304,571.0
109088,594.06
105879,238.65
108528,408.2
102840,353.67
104612,382.48
109541,234.15
109208,429.17
102490,485.58
106906,233.12
107391,150.49
102850,274.81
106666,297.61
105882,389.2
104453,379.44
107422,237.88
106485,363.12
102480,284.14
106618,282.94
102142,498.48
105189,276.37
109705,474.12
102745,513.77
107254,567.98
103507,588.09
101680,387.18
104250,360.64
103148,576.36
108131,232.54
107005,271.4
100581,225.03
104071,482.21
103344,197.74
107405,490.2
103673,544.07
100560,373.51
105238,256.75
107806,475.3
100513,212.57
101082,352.73
101665,527.55
109205,178.92
101932,181.19
109667,215.01
101151,370.93
102839,532.44
105950,484.63
108309,115.77
108933,211.01
109789,376.82
105178,147.04
100831,273.13
108312,307.87
104753,176.67
109851,170.43
100636,141.5
104466,162.17
106800,335.34
107988,371.85
107080,123.92
106967,258.34
104143,456.54
107028,316.36
109184,263.38
100877,512.91
104870,434.37
105316,506.21
105223,108.66
100005,315.2
103052,437.71
105692,418.6
103125,330.49
102492,340.75
103855,251.27
104778,226.79
107510,194.3
106458,391.89
106294,323.96
101149,151.74
100575,207.11
103770,572.15
104147,373.71
100854,256.8
105920,493.2
109359,143.33
106615,528.54
106003,537.53
109164,199.66
104496,508.28
108174,389.98
106656,429.59
102369,454.86
104781,501.8
107993,503.7
102951,563.09
105626,464.85
106972,492.94
108717,540.47
101842,477.53
105987,455.85
100538,343.68
102807,367.28
105802,154.78
105597,502.91
107207,404.26
107344,254.06
107561,573.14
108097,293.04
100785,508.08
101410,537.99
100155,455.66
107807,578.2
103010,578.4
101687,325.59
104015,420.31
107456,574.72
103864,566.62
102734,512.4
101896,226.1
105443,140.28
100570,158.84
106710,567.53
105855,471.24
101817,237.58
108320,578.5
103395,218.8
103328,224.03
109983,165.33
106103,506.87
102976,575.59
100981,109.61
100191,395.25
109332,341.56
105089,151.86
100700,363.67
109760,190.63
100607,171.6
100302,206.94
103421,527.8
109805,350.95
101061,515.3
103445,459.28
101070,329.99
102206,170.01
109436,114.17
107340,182.36
108209,479.26
107680,294.98
104643,145.57
107684,503.37
109008,405.73
107997,561.56
105601,477.29
109152,152.31
107023,527.1
104894,443.65
100226,469.15
103355,307.43
105896,334.18
108755,588.53
103437,422.86
101694,334.7
106894,431.97
101046,533.35
103447,525.61
108051,268.98
109147,215.12
109982,405.45
104736,428.3
104497,336.28
101219,474.34
106016,402.89
109720,579.67
103988,108.32
104912,480.8
109493,577.02
104494,498.17
106945,442.06
105700,134.65
108353,238.24
100957,544.05
102870,127.13
104434,493.24
104974,271.17
102962,356.49
102201,327.28
100099,254.37
109850,127.4
102558,522.94
108446,305.78
104200,117.18
109638,457.91
105540,487.23
101649,492.54
106198,493.69
106296,593.02
104500,307.37
101155,108.12
102256,450.6
103171,541.11
107401,514.39
107159,577.34
103109,317.42
104549,116.62
105424,158.65
102050,133.62
109209,522.64
108816,148.91
109798,566.88
100263,273.29
104062,433.54
105535,136.07
106617,399.69
108121,284.01
108156,387.34
101803,466.02
104737,305.32
102386,572.42
106695,583.21
105760,487.78
101960,370.58
102977,188.06
108681,215.38
101844,107.21
101735,599.29
102912,259.28
108339,514.63
101987,292.12
109562,495.72
106547,286.22
107099,540.07
102812,219.81
100660,482.86
102512,577.44
104283,573.35
109340,141.23
108801,352.0
106288,281.8
101931,425.76
107126,166.15
100198,419.09
107778,493.4
102932,317.15
108005,357.09
102328,171.52
104390,407.62
108959,352.24
104219,548.58
100203,132.68
103511,542.27
104932,531.97
105536,324.21
105792,148.48
101708,549.7
105173,442.21
105250,598.45
106529,383.99
109849,431.49
105856,341.21
108165,122.2
100855,472.45
104738,556.77
100699,147.58
103697,308.74
101637,433.14
107281,384.46
107555,107.73
103582,214.49
101292,442.1
106586,363.27
101854,386.82
105233,145.77
103764,526.25
103305,322.35
101496,136.7
107995,164.8
101999,249.67
100664,491.7
103749,519.16
104414,200.93
105531,570.47
105576,466.21
108902,347.07
107527,425.6
109475,553.96
105865,147.76
106777,462.66
101307,461.11
107393,431.19
105593,172.91
109722,209.4
101664,402.08
105451,386.99
109955,523.36
103628,542.08
102694,455.92
109790,261.63
105916,464.7
103158,395.16
106669,425.63
101060,317.96
104637,160.07
103243,387.41
101679,543.38
106893,162.79
106375,491.19
107575,196.55
101758,316.4
106020,365.24
105117,164.19
108756,312.35
107409,418.0
102791,395.17
100864,431.55
107859,494.03
101485,109.53
107036,595.67
107722,193.27
105978,562.82
105135,332.53
100207,339.52
104489,544.83
106939,269.35
109063,270.52
106911,376.38
100503,255.93
107386,581.94
101029,378.15
103841,195.35
108111,557.42
105057,424.02
109763,257.21
108155,559.92
102732,178.73
108997,198.72
102455,102.28
107216,186.71
103105,268.61
108393,327.41
106279,196.16
103100,532.58
106185,510.22
103562,339.11
105893,553.55
100392,533.99
106737,433.95
105619,293.43
105259,346.41
109688,108.93
102696,311.47
102028,132.4
105464,571.3
102569,344.27
108007,171.48
100065,257.94
102063,104.28
105277,199.19
107209,431.55
108685,418.97
108572,154.19
106332,315.76
104860,409.87
104888,283.39
109269,490.12
100879,374.66
108530,217.82
107917,546.22
106864,351.87
107893,450.59
106440,415.24
107870,306.56
101017,247.9
109468,257.02
107630,155.45
100996,336.35
104298,103.04
100162,198.0
105676,558.72
106874,218.12
109693,521.96
107990,201.76
103844,161.4
101022,279.12
103074,430.82
107556,303.5
103944,153.07
101586,511.51
103153,208.05
108227,195.43
100776,186.77
109671,566.5
107100,597.69
105487,480.38
106236,442.66
109556,431.57
107042,456.62
102613,192.79
107514,485.26
108434,317.07
108793,268.58
105394,257.56
108839,281.94
103891,248.42
103557,516.1
101529,106.68
101268,455.36
107735,483.97
101900,204.79
104659,404.45
103006,199.06
102735,110.86
100190,396.16
109168,505.07
102748,494.02
102048,385.46
107850,172.88
102559,358.28
109275,204.66
108667,328.86
106397,255.63
103386,374.2
104556,107.71
101185,472.15
106421,345.81
105052,513.87
105312,578.25
102434,317.92
106950,418.95
100770,573.08
101686,160.31
108323,491.0
105579,424.52
104427,178.91
100467,217.74
106266,136.45
105735,469.96
105192,491.2
105391,313.01
100861,340.11
107271,248.16
