"month","total_sales"
"3","1723.13"
"2","690.6"
"1","353.45"
"2","660.63"
"2","408.9"
"3","997.48"
"1","489.23"
"2","414.26"
"3","324.56"
"1","270.41"
"1","674.74"
"3","1732.57"
"2","618.34"
"2","186.45"
"2","735.36"
"3","437.47"
"1","1091.73"
"4","108.23"
"3","234.23"
"3","250.31"
"4","759.34"
"1","501.71"
"2","534.66"
"4","275.88"
"2","1741.74"
"4","1038.49"
"1","731.08"
"3","99.13"
"3","1881.23"
"4","216.26"
"1","502.1"
"1","1073.07"
"2","601.54"
"2","1147.41"
"3","274.19"
"2","529.72"
"2","96.06"
"1","203.68"
"2","451.68"
"3","368.31"
"2","1670.62"
"1","152.24"
"3","593.75"
"1","105.02"
"4","749.29"
"1","45.88"
"2","553.81"
"2","448.07"
"1","990.32"
"1","305.38"
"2","2060.82"
"3","421.5"
"2","455.07"
"3","349"
"2","68.97"
"3","795.16"
"2","187.66"
"4","268.3"
"1","1691.57"
"1","1237.7"
"1","936.4"
"3","138.98"
"3","504.56"
"1","308.88"
"1","830.03"
"3","859.51"
"1","1419.73"
"4","279.28"
"3","354.18"
"1","473.92"
"2","737"
"1","1417.82"
"2","176.2"
"1","166.94"
"1","499.18"
"3","72.25"
"1","1716.6"
"3","1026.13"
"3","1042.69"
"1","1644.34"
"4","1384.32"
"1","449.33"
"2","242.41"
"2","1606.12"
"3","218.16"
"2","686.34"
"2","1036.26"
"2","371.82"
"4","527.26"
"3","290.15"
"3","445.52"
"3","791.05"
"4","318.12"
"1","1035.99"
"2","1420.09"
"2","112.64"
"4","119.23"
"3","1745"
"3","1142.32"
"3","229.32"
"1","537.21"
"2","875.18"
"2","395.63"
"3","585.64"
"3","105.24"
"1","533.49"
"1","1283.45"
"3","1035.48"
"4","1571.65"
"1","1163.34"
"2","564.44"
"3","941.83"
"2","1345.35"
"1","473.15"
"3","1061.49"
"2","88.82"
"3","1051.19"
"1","332.7"
"1","523.4"
"2","207.7"
"3","522.41"
"2","142.37"
"3","1225.26"
"3","977.53"
"2","830.56"
"2","273.69"
"2","578.48"
"2","289.43"
"4","444.77"
"1","817.62"
"3","926.27"
"2","744.97"
"1","519.1"
"3","800.64"
"3","1513.19"
"4","351.33"
"1","677.3"
"3","681.32"
"1","465.41"
"4","1408.9"
"1","410.54"
"3","164.19"
"3","2006.06"
"1","750.04"
"3","912.23"
"3","943.63"
"2","981.43"
"1","917.16"
"1","204.89"
"2","1338.82"
"3","510.95"
"3","280.52"
"2","654.6"
"3","1365.46"
"2","377.9"
"3","487.07"
"2","1289.57"
"1","637.79"
"2","1546.59"
"2","1037.16"
"1","564.81"
"2","878.28"
"3","125.74"
"1","392.34"
"1","545.93"
"1","1782.48"
"4","222.42"
"4","1470.26"
"3","233.06"
"1","598.64"
"1","305.54"
"4","570"
"3","238.88"
"3","759.15"
"1","2228.11"
"1","857.33"
"1","892.53"
"4","946.11"
"2","585.49"
"3","1028.06"
"3","773.92"
"2","1372.48"
"2","130.62"
"2","1006.3"
"2","362.55"
"3","1153.36"
"1","186.7"
"3","216.87"
"1","395.19"
"1","895.99"
"3","269.29"
"1","1015.74"
"2","759.24"
"1","1541.57"
"3","71.34"
"2","368.4"
"1","1050.85"
"2","1018.65"
"1","399.91"
"2","580.41"
"2","174.35"
"4","1725.63"
"1","577.67"
"2","71.9"
"4","524.61"
"1","1359.26"
"3","1045.33"
"1","1802.27"
"3","339.4"
"1","343.6"
"2","226.16"
"3","643.99"
"3","254.86"
"4","379.69"
"2","1348.93"
"3","379.44"
"3","323.78"
"3","788.99"
"3","114.99"
"1","463.96"
"3","332.72"
"3","1472.24"
"3","1759.25"
"1","446.79"
"4","617.58"
"2","199.19"
"3","1317.11"
"3","98.06"
"2","1121.3"
"2","526.63"
"1","961.25"
"1","823.76"
"2","361.1"
"3","318.04"
"2","1460.48"
"2","346.25"
"1","1481.66"
"1","355.57"
"3","997.74"
"4","587.61"
"3","555.46"
"2","414.3"
"1","156.76"
"2","1391.85"
"1","580.94"
"1","451.14"
"3","295.25"
"2","1072.11"
"2","429.15"
"2","661.43"
"3","1151.4"
"1","970.53"
"4","412.87"
"3","1030.1"
"2","262.61"
"3","511.98"
"2","885.08"
"4","1015.46"
"2","416.96"
"2","716.92"
"2","85.86"
"3","869.42"
"4","1026.95"
"1","834.14"
"1","1691.19"
"2","1369.76"
"3","667.9"
"2","392.03"
"2","1008.11"
"1","226.68"
"2","838.3"
"4","415.32"
"4","1601.38"
"3","857.01"
"1","1285.28"
"3","1678.99"
"3","307.94"
"1","670.09"
"3","386.19"
"2","136.16"
"3","2182.21"
"1","755.2"
"3","131.93"
"4","1054.16"
"4","196.26"
"3","589.88"
"2","970.25"
"1","817.89"
"1","640.91"
"2","1027.09"
"2","840.12"
"3","377.85"
"3","1137.73"
"1","516.72"
"3","958.2"
"3","1375.84"
"3","1300.59"
"3","1049.4"
"1","980.45"
"3","511.43"
"3","660.93"
"1","973.1"
"3","119.76"
"2","471.28"
"1","598.68"
"2","1934.64"
"3","381.81"
"3","653.13"
"1","835.97"
"2","1005.56"
"4","405.34"
"3","909.63"
"3","1384.51"
"3","808.15"
"1","468.92"
"3","646.72"
"2","429.28"
"3","197.31"
"3","100.23"
"3","909.24"
"3","313.91"
"2","217.72"
"3","220.7"
"3","387.32"
"3","557.86"
"3","285.87"
"2","704.57"
"3","167.23"
"3","387.81"
"2","92.11"
"1","482.32"
"2","421.04"
"1","101.37"
"1","1801.25"
"3","1251.95"
"2","1898.24"
"2","537.61"
"3","402.83"
"3","526"
"2","1180.37"
"2","349.97"
"3","1075.18"
"2","315.32"
"3","673.51"
"3","553.87"
"1","247.49"
"2","626.89"
"3","252.28"
"3","313.68"
"3","667.11"
"3","430.3"
"2","305.79"
"1","1731.89"
"1","363.02"
"3","95.81"
"2","835.03"
"2","1619.92"
"2","1548.85"
"4","1065.88"
"1","250.94"
"2","953.55"
"2","937.19"
"2","638.17"
"3","534.45"
"2","1418.62"
"3","220.2"
"3","853.18"
"4","933.82"
"2","378.96"
"1","488.38"
"1","332.56"
"3","811.97"
"1","126.13"
"1","415.02"
"1","552.9"
"3","1725.12"
"3","532.61"
"2","280.94"
"1","1629.87"
"1","857.39"
"3","1587.45"
"3","979"
"1","1498.64"
"2","588.38"
"1","1183.08"
"3","1869.34"
"4","1485.53"
"2","929.97"
"2","68.99"
"2","991.36"
"3","461.27"
"3","816.59"
"1","1849.9"
"2","573.82"
"2","626.54"
"3","1328.69"
"3","263.29"
"1","68.54"
"1","238.05"
"1","1102.02"
"1","949.22"
"3","1578.1"
"3","196"
"4","1662.8"
"2","840.41"
"1","589.27"
"2","1383.66"
"3","519.26"
"1","818.79"
"1","102.71"
"3","226.61"
"2","1275.8"
"2","1567.75"
"3","755.48"
"4","410.51"
"4","1330.15"
"1","2129.54"
"2","1165.65"
"4","127.37"
"3","1734.04"
"3","521.29"
"1","338.73"
"2","996.4"
"3","1015.44"
"4","362.5"
"3","339.31"
"3","1226.07"
"1","329"
"4","1139.11"
"4","405.41"
"2","151.88"
"2","740.06"
"1","696.7"
"2","285.02"
"3","556.22"
"2","959.12"
"3","1161.71"
"1","724.99"
"1","652.88"
"3","1143.9"
"2","917.62"
"3","644.97"
"4","335.16"
"1","1722.73"
"1","365.71"
"2","396.04"
"3","419.35"
"2","322.67"
"1","351.85"
"2","697.28"
"1","826.91"
"4","609.17"
"1","395.33"
"3","276.98"
"1","363.16"
"1","216.51"
"2","706.08"
"3","329.62"
"1","49.73"
"1","647.71"
"3","152.86"
"3","311.35"
"1","731.31"
"3","1302.58"
"3","309.65"
"4","1168.7"
"3","312.52"
"1","1005.68"
"2","776"
"1","1105.21"
"1","1405.21"
"1","511.81"
"2","629.84"
"3","1474.02"
"1","1640.36"
"2","432.77"
"3","240.95"
"3","540.55"
"2","755.24"
"3","246.89"
"1","673.36"
"1","868.9"
"1","492.24"
"2","93.71"
"1","1022.9"
"3","399.16"
"3","1061.02"
"1","1077.53"
"1","1855.17"
"1","1590.62"
"1","1306.41"
"4","996.14"
"3","665.62"
"4","1260.04"
"1","486.97"
"2","98.7"
"3","1147.02"
"1","387.38"
"1","2159.14"
"3","541.68"
"3","739.81"
"3","286.6"
"3","862.02"
"3","569.27"
"1","515.42"
"1","1827.88"
"3","1261.57"
"4","919.64"
"1","275.06"
"1","467.84"
"2","640.85"
"1","708.84"
"3","178.49"
"3","361.2"
"3","747.57"
"2","2180.83"
"2","899.23"
"2","521.04"
"2","542.17"
"3","910.84"
"3","2247.42"
"2","1215.01"
"1","880.22"
"2","141.88"
"2","941.15"
"2","605.75"
"2","140.24"
"3","1172.1"
"1","734.14"
"2","1731.17"
"2","1110.82"
"3","469.66"
"1","1053.1"
"4","895.58"
"2","182.56"
"4","444.28"
"3","752.33"
"1","956.47"
"1","510.56"
"4","2018.44"
"3","366.44"
"2","852.88"
"4","130.51"
"2","1212.17"
"3","2053.17"
"4","165.32"
"2","488.3"
"4","1347.14"
"3","1779.31"
"1","394.87"
"1","978.8"
"3","860.12"
"1","977.96"
"2","390.59"
"4","1544.56"
"3","1363.6"
"2","1962.05"
"4","188.21"
"3","58.88"
"2","407.48"
"4","345.1"
"3","920.65"
"1","675.26"
"4","199.8"
"4","1198.52"
"1","678.74"
"2","925.79"
"3","784.15"
"1","354.86"
"1","649.84"
"2","934.86"
"3","675.91"
"4","1615.84"
"2","1099.32"
"4","328.38"
"3","1298.69"
"4","1259.11"
"4","1009.17"
"3","952.86"
"4","352.51"
"3","992.05"
"2","751.03"
"3","1204.39"
"2","1463.17"
"1","555.04"
"2","112.68"
"2","664.49"
"2","1867.21"
"2","748.81"
"1","1256.05"
"1","389.9"
"3","1681.49"
"3","535.71"
"4","488.78"
"2","143.8"
"4","348.48"
"2","1850.45"
"1","1783.19"
"1","111.82"
"1","49.21"
"1","249.02"
"3","199.04"
"4","303.45"
"1","200.35"
"2","853.85"
"1","689.75"
"2","728.25"
"3","646.04"
"4","1327.23"
"3","208.64"
"3","619.52"
"1","286.35"
"1","482.01"
"2","1935.26"
"1","225.95"
"3","305.92"
"2","1757.08"
"2","1289.14"
"2","704.75"
"1","652.54"
"2","173.45"
"1","912.15"
"3","749.8"
"2","263.1"
"1","452.07"
"3","678.53"
"2","642.47"
"2","509.44"
"2","524.4"
"2","284.3"
"1","1298.82"
"1","871.91"
"3","1084.48"
"2","652.61"
"4","991.69"
"4","1379.74"
"1","115.07"
"2","1375.59"
"3","613.45"
"1","1157.03"
"1","290.42"
"2","210.39"
"3","719.75"
"2","332.9"
"1","594.85"
"3","641.14"
"3","989.76"
"2","47"
"2","841.43"
"2","813.49"
"1","170.36"
"3","1330.81"
"1","50.26"
"1","761.06"
"4","292.98"
"4","603.86"
"1","528.71"
"3","283.36"
"3","196.54"
"1","171.96"
"1","549.53"
"2","602.74"
"1","585.95"
"1","2002.07"
"2","419.02"
"1","355.45"
"3","835.62"
"1","485.28"
"1","1106.71"
"3","359.31"
"3","202.93"
"3","714.89"
"3","504.79"
"3","880.78"
"4","252.17"
"4","1308.95"
"1","182.06"
"2","1793.33"
"2","1219.44"
"2","500.59"
"1","331.14"
"1","137.95"
"3","680.1"
"3","1337.8"
"2","1549.57"
"3","1331.25"
"3","146.56"
"1","399.23"
"4","568.2"
"1","374.26"
"3","919.98"
"2","1383.96"
"1","1857.42"
"3","196.65"
"4","604.5"
"1","990.43"
"2","406.36"
"2","295.81"
"3","148.27"
"1","1179.08"
"3","1382.56"
"4","98.14"
"3","572.51"
"3","823.17"
"2","622.58"
"4","1319.22"
"3","169.54"
"3","694.94"
"1","570.93"
"3","1132.61"
"3","1524.18"
"1","182.01"
"3","508.01"
"1","414.33"
"3","614.78"
"3","469.17"
"2","583.99"
"3","196.33"
"3","233.34"
"4","1037.81"
"3","1366.02"
"3","186.2"
"2","381.35"
"1","1070.84"
"4","982.5"
"2","106.07"
"3","1181.64"
"2","168.72"
"2","515.16"
"2","306.92"
"4","102.56"
"3","1613.78"
"1","1436"
"4","128.97"
"2","779.27"
"1","1117.59"
"1","1101.24"
"1","438.03"
"2","267.96"
"3","496.54"
"3","531.97"
"1","1118.07"
"1","537.85"
"1","179.94"
"1","364.58"
"1","210.98"
"2","883.93"
"2","1402.09"
"2","428.9"
"4","987.7"
"4","265.44"
"1","128.7"
"3","155.29"
"4","279.93"
"2","366.56"
"3","231.15"
"1","367.64"
"3","646.28"
"1","617.28"
"4","240.49"
"2","1055"
"1","563.34"
"2","877.62"
"3","1462.57"
"1","894.16"
"3","147.54"
"1","1004.93"
"3","373.7"
"2","710.9"
"2","471.49"
"4","773.83"
"2","772.97"
"3","292.31"
"1","1294.23"
"2","904.28"
"3","746.77"
"1","378.59"
"1","1025.09"
"3","145.36"
"3","350.16"
"2","593.48"
"3","256.78"
"4","114.25"
"2","154.24"
"4","660.84"
"3","798.55"
"3","320"
"3","935.66"
"1","618.43"
"2","1441.42"
"3","355.87"
"4","996.43"
"3","233.85"
"1","617.48"
"1","906.27"
"2","1628.95"
"3","952.47"
"4","134.86"
"1","348.16"
"1","810.13"
"3","1124.03"
"4","254.63"
"3","800.38"
"1","1597.28"
"2","419.35"
"2","361.68"
"2","171.81"
"3","1289.73"
"3","736.73"
"1","1529.99"
"1","178.32"
"1","406.97"
"1","687.76"
"4","540.41"
"4","87.17"
"1","93.56"
"3","181.47"
"2","171.66"
"4","1454.91"
"1","529.19"
"1","1292.6"
"3","1396.1"
"3","1339.36"
"2","927.69"
"2","385.02"
"4","950.02"
"2","1453.82"
"3","820.98"
"1","1063"
"4","326.38"
"3","1436.46"
"1","183.72"
"3","234.1"
"2","647.19"
"1","773.2"
"2","126.21"
"2","84.17"
"2","718.88"
"3","566.72"
"3","1814.38"
"3","818.06"
"3","148.72"
"3","676.6"
"1","140.38"
"4","189.92"
"3","666.63"
"1","659.88"
"4","1465.58"
"3","54.49"
"3","651.73"
"1","710.45"
"3","416.08"
"1","1086.74"
"1","493.36"
"3","840.7"
"1","63.03"
"1","1614.4"
"3","316.36"
"1","1434.97"
"3","2023.83"
"4","507.3"
"1","676.88"
"3","1104.09"
"3","965.2"
"2","121.33"
"2","446.62"
"4","315.92"
"1","2102.71"
"1","1106.51"
"2","62.78"
"3","923.25"
"1","1307.83"
"1","95.54"
"3","136.94"
"3","574.05"
"3","449.59"
"1","718.37"
"3","552.26"
"3","1159.14"
"1","275.2"
"2","1639.78"
"3","446.99"
"1","1496.48"
"1","1228.52"
"2","320.08"
"3","132.96"
"3","161.66"
"1","180.74"
"1","620.72"
"2","1253.58"
"3","451.85"
"2","1468.9"
"3","745.96"
"1","323.19"
"3","991.67"
"4","112.42"
"2","898.06"
"1","252.98"
"1","1292.77"
"1","48.09"
"2","338.28"
"1","477.81"
"1","95.89"
"1","1731.46"
"3","660.66"
"2","366.96"
"3","965.34"
"2","919.3"
"1","113.36"
"1","766.01"
"4","800.45"
"3","246.22"
"2","1563.21"
"3","325.65"
"1","961.98"
"2","817.52"
"1","872.78"
"3","721.89"
"1","476.61"
"3","596.93"
"1","455.55"
"1","1227.36"
"1","296.99"
"3","1363.53"
"3","216.69"
"2","266.83"
"1","495.47"
"2","975.49"
"2","652.21"
"2","723.67"
"3","365.5"
"2","1811.4"
"4","1380.38"
"1","276.38"
"3","963.27"
"3","1121.7"
"3","499.36"
"1","220.25"
"3","496.58"
"2","151.28"
"2","963.7"
"1","237.99"
"2","538.22"
"1","1191.39"
"2","902.54"
"2","351.05"
"1","516.6"
"3","1597.69"
"3","319.98"
"2","277.66"
"4","660.32"
"1","595.08"
"1","1241.78"
"2","118.42"
"1","342.98"
"3","242.77"
"1","265.48"
"3","1409.61"
"1","1522.86"
"1","81.3"
"1","709.54"
"2","469.59"
"1","273.46"
"2","828.95"
"3","1009.01"
"3","450.37"
"2","1294.81"
"3","1184.87"
"4","148.76"
"3","1118.73"
"4","688.27"
"4","613.82"
"1","1675.47"
"1","812.96"
"3","802.88"
"1","342.36"
"1","425.55"
"2","1405.21"
"2","420.76"
"1","773.67"
"3","1727.34"
"2","314.39"
"3","187.35"
"3","1118.96"
"3","104.37"
"1","445.28"
"4","122.69"
"1","1876.67"
"2","429.51"
"4","407.78"
"4","500.24"
"4","429.19"
"3","90.91"
"1","1358.2"
"2","517.17"
"2","342.66"
"3","474.35"
"2","109.29"
"1","1759.02"
"3","303.9"
"2","782.52"
"2","303.74"
"1","349.48"
"1","771.95"
"4","478.85"
"4","2082.64"
"3","1534.35"
"3","347.61"
"2","688.86"
"3","562"
"1","598.73"
"2","311.22"
"2","1674.43"
"1","535.06"
"2","496.86"
"4","592.26"
"1","940.71"
"2","699.98"
"2","465.77"
"1","593.39"
"3","406.95"
"4","264.28"
"1","284.2"
"1","231.08"
"4","966.63"
"4","204.97"
"2","800.84"
"3","336.55"
"1","768.82"
"2","1139.77"
"2","605.04"
"1","739.06"
"2","172.05"
"2","196.17"
"4","351.53"
"2","1010.11"
"2","90.11"
"1","1201.33"
"1","1385.69"
"3","425.93"
"1","370.36"
"3","573.02"
"3","756.44"
"4","102.3"
"1","559.88"
"2","532.32"
"2","1008.77"
"3","465.19"
"1","1710.16"
"1","1477.42"
"3","198.45"
"2","1613.52"
"1","118.33"
"1","841.67"
"1","478.23"
"1","175.63"
"2","1037.18"
"2","175.81"
"3","845.48"
"3","248.7"
"1","114.81"
"2","229.14"
"2","1121.85"
"4","421.16"
"1","237.07"
"2","1639.32"
"1","509.83"
"3","1221.58"
"2","672.66"
"3","247.12"
"1","1121.47"
"2","1149.33"
"4","167.9"
"2","514.8"
"2","620.48"
"1","332.9"
"4","308.21"
"2","761.75"
"3","708.49"
"2","1755.73"
"2","1783.19"
"2","1215.06"
"1","128.34"
"3","664.24"
"3","701.17"
"2","469.32"
"1","822.4"
"3","810.2"
"1","118.37"
"1","1008.56"
"3","932.13"
"1","1545.67"
"1","225.45"
"4","1275.08"
"4","296.1"
"1","2084.15"
"4","267.58"
"2","762.83"
"2","352.12"
"1","1005.76"
"2","345.92"
"2","484.34"
"3","437.31"
"3","250.28"
"2","561.89"
"1","1368.18"
"2","1054"
"1","849.7"
"3","217.44"
"3","977.16"
"2","1070.45"
"2","650.18"
"4","395.72"
"2","417.31"
"1","140.55"
"2","890.97"
"3","1076.22"
"2","775.64"
"4","1198.82"
"1","454.76"
"3","327.27"
"2","764.1"
"2","146.34"
"1","476.71"
"3","2021.45"
"3","552.85"
"3","1183.02"
"1","372.62"
"2","1959.33"
"3","302.62"
"1","743.74"
"2","1420.16"
"3","265.43"
"3","248.09"
"2","543.49"
"2","412.57"
"2","372.01"
"2","901.55"
"3","414.57"
"3","921.13"
"3","635.77"
"2","763.4"
"3","186.66"
"3","345.24"
"2","100.42"
"2","459.85"
"1","1334.62"
"4","947.72"
"4","709.68"
"3","1063.55"
"1","313.34"
"3","413.84"
"1","446.38"
"1","724.68"
"3","129.51"
"1","1282.23"
"2","1321.34"
"4","1953.85"
"3","97.14"
"2","1381.9"
"1","1514.46"
"1","649.79"
"4","762.68"
"2","116.71"
"1","1310.73"
"3","1075.31"
"1","99.53"
"1","343.97"
"4","766.02"
"1","595.23"
"2","712.77"
"3","475.77"
"3","574.33"
"2","1255.37"
"2","1532.74"
"2","879.56"
"2","316.56"
"4","163.5"
"3","183.07"
"2","176.16"
"1","1075.11"
"1","85.28"
"3","1874.96"
"2","328.94"
"1","1197.57"
"1","544.38"
"1","168.36"
"1","626.27"
"2","1472.2"
"3","476.52"
"3","140.86"
"2","439.16"
"4","538.31"
"1","526.89"
"3","305.79"
"1","1945.75"
"1","57.62"
"1","495.67"
"3","470.65"
"3","863.21"
"1","448.09"
"1","295.76"
"1","811.89"
"2","904.59"
"2","196.89"
"3","382.4"
"3","450.11"
"1","686.87"
"2","859.22"
"1","488.13"
"3","139.76"
"3","70.91"
"3","508.43"
"1","125.17"
"1","479.24"
"1","460.1"
"3","865.94"
"4","619.29"
"1","214.55"
"3","322.27"
"4","214.61"
"4","136.28"
"1","1388.2"
"1","754.74"
"2","285.21"
"1","251.2"
"4","1423.99"
"3","641.93"
"2","757.7"
"2","481.44"
"2","379"
"3","1248.62"
"4","55.05"
"1","1194.18"
"4","608.85"
"1","991.52"
"1","840.55"
"3","1351.57"
"3","409.89"
"3","1769.34"
"1","278.15"
"1","547.72"
"4","867.86"
"3","692.28"
"3","1394.56"
"2","350.91"
"3","1143.1"
"2","494.38"
"3","361.75"
"1","356.64"
"1","392.55"
"2","544.78"
"3","818.24"
"2","238.58"
"3","453.46"
"1","126.61"
"3","293.98"
"4","625.84"
"2","1717.32"
"2","590.7"
"2","117.31"
"1","1600.66"
"3","867.9"
"2","161.46"
"2","1555.19"
"1","1379.32"
"1","122.74"
"3","1036.18"
"4","178.87"
"4","90.17"
"2","773.96"
"1","231.47"
"2","1509.62"
"3","1146.25"
"3","310.84"
"1","619.17"
"2","285.17"
"2","121.91"
"1","1579.22"
"3","289.16"
"1","297.71"
"1","1708.29"
"3","1170.29"
"3","780.36"
"2","576.71"
"1","470.46"
"1","593.62"
"3","305.41"
"1","774.33"
"2","197.81"
"1","1253.67"
"3","793.03"
"2","1075.88"
"1","667.25"
"1","312.72"
"2","1379.5"
"3","1899.58"
"3","173.8"
"2","438.27"
"3","999.27"
"2","705.07"
"2","555.11"
"4","1286.62"
"2","818.82"
"3","253.9"
"1","150.66"
"2","250.12"
"1","381.6"
"2","540.36"
"1","314.3"
"1","866.86"
"3","377.62"
"3","571.38"
"1","1052.37"
"1","622.74"
"2","384.82"
"4","1492.11"
"2","1513.35"
"3","351.58"
"1","411.86"
"1","766.56"
"2","57.47"
"1","662.52"
"3","1352.93"
"1","409.17"
"1","181.43"
"3","1260.04"
"3","866.04"
"1","965.44"
"4","665.85"
"3","1207.61"
"2","1143.18"
"2","387.96"
"1","1042.87"
"1","85.66"
"1","832.7"
"3","710.78"
"3","282.61"
"4","398.64"
"3","266.05"
"3","516.49"
"3","698.02"
"3","1021.27"
"2","1725.22"
"2","389.39"
"3","475.04"
"2","585.32"
"1","86.37"
"3","216.81"
"4","118.4"
"3","783.15"
"4","916.42"
"1","575.64"
"4","228.9"
"1","788.24"
"4","774.93"
"3","930.7"
"2","528.5"
"1","492.92"
"2","859.99"
"2","463.38"
"2","810.08"
"4","1316.47"
"3","235.73"
"3","200.82"
"1","756.16"
"4","1519.9"
"3","675.15"
"1","1035.48"
"1","945.12"
"2","1049.29"
"3","360.47"
"2","1474.46"
"1","1734.97"
"3","1689.82"
"1","367.17"
"2","342.6"
"3","963.29"
"1","336.66"
"3","1145"
"2","598.9"
"3","932.98"
"1","906.07"
"1","515.51"
"3","1033.39"
"3","349.94"
"2","461.81"
"3","686.83"
"1","289.41"
"2","1078.27"
"2","51.61"
"4","900.49"
"1","1620.77"
"3","427.41"
"1","406.54"
"4","257.14"
"1","185.55"
"2","1182.32"
"2","869.27"
"3","173.68"
"4","538.63"
"3","1003.27"
"1","844.4"
"1","1139.89"
"2","231.92"
"1","316.67"
"2","1372.99"
"2","721.18"
"1","487.08"
"3","182.08"
"3","335.24"
"3","425.69"
"3","875.18"
"1","437.76"
"2","1197.63"
"4","1012.13"
"3","2116.38"
"2","342.26"
"1","1175.18"
"3","1874.5"
"1","575.78"
"3","122.55"
"2","858.65"
"2","248"
"3","723.22"
"1","158.28"
"1","715.14"
"2","263"
"3","1434.66"
"3","1603.44"
"3","301.53"
"3","1040.93"
"3","478.49"
"3","1312.34"
"3","606.59"
"3","117.38"
"2","1293.31"
"3","98.04"
"2","976.98"
"2","1884.19"
"3","395.63"
"3","353.46"
"1","1417.01"
"1","1336.42"
"1","883.67"
"4","722.47"
"2","518.61"
"4","872.78"
"3","468.11"
"3","1197.6"
"2","1312.85"
"2","211.22"
"2","913.88"
"2","528.63"
"1","616.46"
"3","233.87"
"3","363.34"
"2","637.49"
"1","1144.47"
"3","1393.63"
"1","272.81"
"2","1483.7"
"3","815.19"
"4","588.99"
"1","955.83"
"4","557.64"
"3","305.85"
"1","403.73"
"1","435.43"
"4","352.14"
"2","287.42"
"1","656.23"
"1","313.82"
"1","236.53"
"4","967.18"
"2","417.98"
"3","683.89"
"2","1815.36"
"2","317.99"
"4","587.82"
"2","291.62"
"2","143.56"
"3","584.77"
"1","959.98"
"2","907.29"
"3","107.26"
"4","654.95"
"1","648.09"
"4","173.09"
"2","935.12"
"1","1109.33"
"3","1542.02"
"1","1504.91"
"2","890.47"
"3","158.37"
"1","245.33"
"3","308.99"
"3","146.36"
"3","138.11"
"2","235.49"
"3","147.54"
"2","155.27"
"4","1298.11"
"3","266.03"
"1","124.07"
"3","495.95"
"3","778.85"
"2","538.34"
"4","928.19"
"3","623.35"
"1","597.64"
"2","130.96"
"3","737.69"
"1","502.23"
"1","1061.82"
"2","519.79"
"4","465.81"
"1","361.07"
"2","414.37"
"4","1935.8"
"2","322.92"
"1","399.3"
"3","1104.57"
"2","1088.72"
"1","154.34"
"2","765.72"
"4","1293.99"
"4","833.29"
"3","660.74"
"4","361.65"
"1","676.13"
"1","670.39"
"2","285.51"
"1","1641.83"
"2","353.15"
"3","1288.74"
"1","1994.99"
"2","922.58"
"1","163.27"
"2","128.31"
"1","1745.12"
"1","515.03"
"2","809.06"
"3","192.22"
"3","557.01"
"2","671.14"
"2","400.04"
"3","375.49"
"1","1022.12"
"2","475.89"
"2","946.66"
"3","1479.72"
"1","950.56"
"2","497.17"
"2","400.02"
"3","566.26"
"4","435.5"
"1","836.3"
"2","1861.19"
"1","1624.73"
"1","496.12"
"2","1115.18"
"3","1332.99"
"2","1588.16"
"2","964.6"
"1","1489.2"
"2","69.07"
"2","305.75"
"2","703.14"
"4","1571.23"
"2","995.43"
"1","1514.89"
"4","991.41"
"2","572.05"
"3","1192.08"
"4","1282.64"
"2","298.79"
"4","113.13"
"3","1427.28"
"2","796.5"
"1","1107.62"
"4","687.14"
"1","910.18"
"1","1311.91"
"1","254.5"
"3","1406.54"
"1","1580.81"
"3","400.95"
"3","253.66"
"2","570.29"
"4","159.71"
"1","1008.73"
"2","171.29"
"2","846.41"
"2","1004.04"
"2","618.88"
"1","1686.86"
"3","692.07"
"2","1333.64"
"2","687.94"
"1","709.59"
"2","308.59"
"2","1486.06"
"1","617.86"
"1","338.29"
"2","574.25"
"2","952.42"
"3","354.9"
"2","182.83"
"2","739.81"
"3","1295.71"
"2","381.98"
"1","90.09"
"3","908.17"
"3","1074.52"
"1","934.22"
"3","1389"
"3","958.02"
"1","1762.22"
"2","349.82"
"3","154.7"
"4","499.98"
"2","89.83"
"3","175.61"
"2","243.55"
"1","89.3"
"1","442.41"
"3","1126.62"
"4","236.53"
"1","548.43"
"2","1029.31"
"1","326.93"
"2","300.18"
"1","166.93"
"1","1641.6"
"1","366.46"
"2","628.71"
"3","356.21"
"2","588.38"
"1","971.25"
"1","1571.83"
"3","403.42"
"3","511.5"
"1","1108.35"
"1","460.79"
"2","669.98"
"3","636.66"
"4","822.58"
"1","1182.64"
"3","1279.42"
"1","197.39"
"3","1199.83"
"3","223.86"
"3","1452.63"
"2","937.56"
"2","191.96"
"1","1397.89"
"2","80.31"
"2","1540.94"
"1","387.08"
"3","459.36"
"3","1160.45"
"3","376.12"
"1","1435.26"
"2","1004.49"
"4","144.12"
"2","415.32"
"1","414.96"
"1","1372.1"
"4","611.02"
"2","213.86"
"1","1275.47"
"3","722.49"
"4","229.71"
"4","1175.33"
"3","787.63"
"4","437.7"
"3","681.61"
"4","845.88"
"3","98.52"
"1","1543.62"
"2","1143.24"
"3","930.47"
"1","609.44"
"3","1874.27"
"1","630.89"
"2","1361.16"
"4","612.64"
"1","1400.47"
"2","679.93"
"3","78.43"
"1","309.17"
"2","115.38"
"3","223.09"
"4","168.48"
"3","295.57"
"3","434.75"
"3","248.94"
"1","1485.74"
"1","141.18"
"2","749.64"
"3","978.7"
"4","52.5"
"3","748.64"
"2","96.58"
"2","201.31"
"1","1350.95"
"2","96.91"
"4","341.54"
"2","395.15"
"1","75.97"
"4","404.61"
"1","546.15"
"3","2014.93"
"1","1435.07"
"1","2207.79"
"2","84.06"
"1","435.6"
"3","1756.74"
"1","746.59"
"2","1038.65"
"1","218.17"
"2","312.59"
"3","1637.62"
"4","48.62"
"1","531.58"
"1","547.61"
"1","434.72"
"2","47.39"
"2","276.99"
"4","319.84"
"2","488.88"
"1","476.01"
"1","898.06"
"2","580.64"
"2","1011.12"
"3","816.55"
"3","799.46"
"1","542.55"
"3","1624.1"
"4","306.12"
"3","445.38"
"4","721.91"
"1","1290.81"
"1","516.49"
"1","1389.89"
"3","996.45"
"2","1152.81"
"1","748.84"
"1","134.59"
"3","1233.07"
"3","2113.84"
"1","1457.02"
"1","337.99"
"3","896.07"
"3","391.25"
"1","460.37"
"2","215.9"
"1","517.1"
"3","928.87"
"3","160.51"
"3","368.04"
"3","328.23"
"1","144.56"
"3","747.96"
"1","877.63"
"3","1192.01"
"4","548"
"3","714.32"
"1","1933.04"
"3","392.66"
"3","1380.04"
"4","556.55"
"1","1665.71"
"2","618.79"
"2","767.14"
"3","390.6"
"1","435.82"
"1","397.71"
"2","456.16"
"2","445.93"
"1","679.3"
"2","613.68"
"2","1620.97"
"2","99.98"
"2","158.53"
"4","1077.03"
"2","752.61"
"1","982.57"
"2","903.97"
"4","729.2"
"3","1391.15"
"4","753.68"
"1","765.72"
"2","485.59"
"2","569.57"
"2","392.11"
"1","1514.47"
"3","969.36"
"3","484.26"
"3","385.59"
"1","1853.37"
"2","520.03"
"2","281.48"
"2","329"
"3","660.97"
"3","511.15"
"2","90.8"
"1","124.69"
"2","484"
"2","403.35"
"2","507.59"
"1","1232.64"
"2","1172.99"
"3","826.33"
"1","841.9"
"2","201.9"
"2","512.83"
"4","1483.09"
"4","165.46"
"2","322.96"
"3","1556.75"
"3","813.31"
"2","305.96"
"3","787.86"
"3","146.88"
"3","1770.88"
"2","457.88"
"3","1951.35"
"4","345.65"
"4","281.27"
"2","1007"
"2","242.23"
"2","1032.78"
"3","998.43"
"2","593.71"
"3","304.29"
"1","1067.93"
"3","130.55"
"4","189.22"
"2","683.5"
"3","281.29"
"1","169.38"
"3","483.08"
"4","1242.6"
"4","1460"
"1","978.12"
"4","676.48"
"1","364.37"
"2","1083.32"
"3","1686.76"
"1","1149.74"
"3","703.56"
"2","398.16"
"3","694.91"
"1","1466.72"
"2","1857.51"
"3","1031.41"
"3","222.85"
"2","529.23"
"2","1042.72"
"2","1171.08"
"1","1054.8"
"4","1608.95"
"2","425.76"
"3","918.38"
"3","1344.55"
"4","775.25"
"1","1173.18"
"1","1831.59"
"3","484.07"
"4","986.96"
"1","1117.59"
"3","1943.7"
"1","888.65"
"3","537.56"
"2","273.84"
"1","239.4"
"2","556.26"
"3","810.65"
"3","1244.47"
"1","1474.07"
"3","219.84"
"3","813.72"
"2","822.54"
"2","1537.19"
"3","363.27"
"2","764.54"
"2","130.78"
"4","165.29"
"2","922.57"
"1","391.54"
"3","632.75"
"1","315.16"
"3","313"
"3","309.82"
"1","1271.13"
"2","765.24"
"1","1441.32"
"2","327.75"
"2","549.02"
"4","998.37"
"3","352.56"
"2","568.5"
"1","933.77"
"1","478.61"
"2","809.09"
"4","915.6"
"1","1080.51"
"1","366.75"
"2","301.62"
"1","1904.45"
"1","1163.38"
"4","80.18"
"2","84.49"
"2","616.85"
"1","1203.6"
"4","813.86"
"3","205.13"
"3","157.64"
"4","600.48"
"1","376.51"
"1","420.35"
"1","749.21"
"2","469.98"
"1","331.43"
"3","1189.89"
"1","1056.37"
"3","220.07"
"3","1587.34"
"3","1205.75"
"1","310.26"
"3","792.85"
"3","917.35"
"2","264.48"
"1","747.85"
"1","559.24"
"2","1358.2"
"2","141.18"
"3","1402.6"
"3","1465.36"
"3","210.67"
"3","457.29"
"2","1326.98"
"3","1014.51"
"2","1799.72"
"3","1469.05"
"1","340.62"
"3","1292.75"
"2","1002.21"
"2","1860.71"
"1","484.36"
"2","735.08"
"4","1953.36"
"1","371.28"
"3","1004.68"
"3","901.9"
"4","1451.16"
"3","148.19"
"1","1987.34"
"3","418.77"
"3","515"
"3","375.93"
"3","410.26"
"4","377.36"
"3","1461.37"
"1","1193.48"
"1","1833.15"
"3","769.08"
"2","1754.14"
"2","92.23"
"1","1260.36"
"1","422.26"
"1","675.96"
"1","130.12"
"2","996.55"
"1","983.93"
"2","1749.1"
"2","239.72"
"2","520.52"
"1","1806.89"
"1","534.24"
"1","1100.08"
"1","795.63"
"1","417.35"
"3","42.57"
"2","402.78"
"4","798.91"
"4","547.35"
"1","784.66"
"1","1605.28"
"3","602.29"
"3","1169.16"
"1","967.29"
"3","165.8"
"3","1641.05"
"3","198.44"
"3","338.19"
"1","258.34"
"3","1266.68"
"4","1971.06"
"1","134.22"
"1","852.34"
"3","332.84"
"3","516.51"
"3","495.28"
"4","368.62"
"3","381.26"
"2","1352.04"
"1","973.92"
"3","297.18"
"1","947.39"
"1","494.94"
"3","133.11"
"4","1052.47"
"3","313.64"
"3","1602.86"
"4","322.89"
"2","215.49"
"3","508.44"
"4","869.02"
"3","213.59"
"3","750.97"
"4","190.21"
"3","531.47"
"4","482.43"
"1","140.38"
"2","606.64"
"1","348.43"
"1","870.11"
"2","642.5"
"3","883.34"
"1","229.64"
"4","1908.59"
"2","560.54"
"2","380.01"
"4","1322.3"
"2","1803.71"
"4","598.88"
"3","701.38"
"2","237.75"
"1","651.85"
"2","1210.54"
"3","285.05"
"2","1493.31"
"2","64.71"
"4","913.07"
"1","1205.45"
"1","295.94"
"2","788.15"
"3","1468.31"
"2","413.75"
"4","497.82"
"2","126.36"
"3","481.81"
"3","929.69"
"3","797.95"
"1","1734.66"
"1","726.74"
"2","486.04"
"1","705.34"
"2","909.55"
"4","674.59"
"2","658.51"
"3","1133.24"
"3","1241.05"
"3","465.12"
"1","225.54"
"1","914.44"
"1","407.97"
"1","731.47"
"1","440.75"
"4","1470.23"
"2","1682.99"
"3","538.6"
"4","303.44"
"3","137.83"
"3","633.27"
"3","232.27"
"1","365.9"
"1","1336.14"
"3","188.57"
"3","1442.58"
"1","323.85"
"1","983.79"
"1","535.71"
"3","1917.85"
"2","513.59"
"1","1217.96"
"2","1276.25"
"3","64.1"
"1","384.13"
"2","121.55"
"1","1752.64"
"1","451.21"
"1","364.89"
"2","865.43"
"1","514.88"
"1","654.59"
"3","1056.47"
"3","156.6"
"1","695.75"
"2","289.58"
"2","1020.56"
"2","1328.58"
"3","1747.57"
"1","1212.83"
"2","302.17"
"3","282.61"
"1","390.86"
"4","990.8"
"3","61.02"
"1","1247.27"
"4","488.19"
"1","607.97"
"3","852.5"
"1","178.47"
"1","608.38"
"3","712.68"
"2","1143.27"
"1","953.04"
"3","334.25"
"4","1953.39"
"2","628.11"
"2","991.73"
"2","894.71"
"2","805.16"
"3","143.08"
"2","1251.07"
"1","1052.27"
"2","827.3"
"4","309.3"
"1","229.17"
"3","525.63"
"1","267.76"
"3","847.13"
"2","2125.23"
"3","1650.55"
"2","277.54"
"2","450.41"
"2","1017.85"
"2","833.18"
"4","369.68"
"3","2013.24"
"3","835.9"
"1","388.24"
"1","282.75"
"3","1085.05"
"3","181.61"
"2","1411.74"
"1","1010.68"
"2","455.37"
"1","55.12"
"2","1927.27"
"4","128.5"
"2","1113.13"
"2","207.02"
"2","501.14"
"3","1194.9"
"3","977.15"
"3","827.78"
"3","1018.5"
"4","428.52"
"3","822.82"
"3","977.55"
"3","383.15"
"1","287.9"
"4","1318.51"
"4","1246.71"
"3","1666.28"
"2","969.9"
"4","494.94"
"2","628.73"
"1","320.22"
"3","578.55"
"1","92.72"
"2","1858.57"
"2","967.97"
"1","194.28"
"1","201.11"
"1","914.96"
"1","737.98"
"3","614.3"
"4","121.24"
"1","1038.62"
"2","895.77"
"4","216.74"
"1","1377.29"
"3","100.82"
"1","671.76"
"3","1013.89"
"4","160.82"
"2","1093.38"
"1","975.73"
"2","1587.94"
"2","892.11"
"2","1247.43"
"2","158.31"
"2","117.31"
"3","322.55"
"3","402.34"
"2","306.43"
"3","658.92"
"1","1818.3"
"3","715.78"
"2","126.73"
"2","270.48"
"3","1418.38"
"1","834.69"
"3","117.82"
"4","275.65"
"2","227.04"
"1","86.53"
"2","188.24"
"2","1365.61"
"2","372.21"
"1","331.41"
"1","514.2"
"1","633.9"
"3","525.43"
"3","359.24"
"2","532.54"
"2","340.42"
"2","186.73"
"3","2107.22"
"4","267.73"
"2","776.13"
"3","1243.79"
"1","638.51"
"2","362.09"
"3","259.46"
"2","1285.68"
"4","173.39"
"2","528.39"
"3","362.49"
"1","864.58"
"1","475.58"
"4","212.41"
"1","219.93"
"3","762.03"
"2","120.34"
"2","1889.03"
"2","225.86"
"2","1777.24"
"2","1217.83"
"3","1203.02"
"2","610.48"
"3","750.36"
"3","1425.83"
"3","753.59"
"2","113.45"
"2","798.86"
"3","478.16"
"3","471.65"
"3","340.2"
"3","596.45"
"4","731.88"
"4","447.95"
"1","1215.03"
"1","271.97"
"2","629.1"
"2","845.54"
"4","537.19"
"2","389.06"
"1","627.4"
"3","896.31"
"2","1384.82"
"3","1423.95"
"1","753.8"
"1","1121.3"
"3","929.78"
"4","1271.42"
"2","370.64"
"3","591.16"
"2","391.52"
"2","1323.13"
"3","1437.86"
"2","740.77"
"3","1169.64"
"2","149.48"
"1","1127.57"
"1","146.4"
"3","477.88"
"2","1017.19"
"1","526.78"
"1","53.71"
"4","256.37"
"2","477.09"
"2","1057.74"
"3","378.01"
"1","978.76"
"3","471.45"
"1","1191.43"
"1","1472.67"
"2","1111.77"
"3","646.77"
"4","1165.63"
"1","237.7"
"4","1313.85"
"1","139.7"
"1","1141.06"
"2","1938.53"
"1","1383.97"
"1","737.01"
"3","1503.71"
"4","488.9"
"1","145"
"4","1522.36"
"4","135.71"
"3","163.03"
"1","1083.58"
"3","1275.42"
"3","659.38"
"3","415.19"
"3","1719.37"
"3","560.95"
"2","980.58"
"1","342.21"
"1","525.43"
"1","643.93"
"2","525.65"
"1","1252.56"
"1","343.01"
"2","716.28"
"4","957.24"
"3","1365.61"
"2","274.01"
"2","854.32"
"1","451.07"
"1","1461.59"
"2","1260.5"
"3","862.63"
"1","267.24"
"2","268.81"
"2","612.45"
"3","245.33"
"2","976.87"
"1","897.13"
"2","711.77"
"1","835.86"
"2","748.01"
"1","1425.63"
"1","1428.19"
"2","1801.43"
"3","1277.28"
"3","1009.93"
"3","1421.64"
"3","533.59"
"1","264.92"
"1","467.17"
"3","422.37"
"1","198.5"
"3","952.42"
"3","257.28"
"1","1301.61"
"2","1266.29"
"1","389.96"
"2","297.06"
"3","1045.38"
"3","108.29"
"3","1113.64"
"1","705.27"
"3","269.12"
"3","648.65"
"2","1290.84"
"3","1452.35"
"1","1746.56"
"1","1638.04"
"3","1079.45"
"2","2212.43"
"1","1704.44"
"3","645.63"
"1","239.65"
"2","1113.64"
"1","895.49"
"1","607.43"
"2","383.33"
"2","1255.38"
"1","504.04"
"3","799.93"
"2","937.76"
"1","1287.22"
"1","374.83"
"2","1702.81"
"1","887.49"
"3","1640.96"
"2","304.72"
"1","647.41"
"1","278.57"
"2","120.48"
"2","1882.03"
"2","397.45"
"3","305.76"
"1","162.66"
"3","497.37"
"1","287.6"
"2","396.09"
"1","379.65"
"1","2196.13"
"4","894.64"
"1","1099.43"
"1","131.2"
"2","1843.04"
"3","1473.24"
"2","979.68"
"2","2143.34"
"3","351.92"
"1","642.73"
"2","1454.35"
"4","701.51"
"2","539.27"
"2","1302.2"
"3","755.3"
"3","757.35"
"2","409.44"
"2","1484.51"
"1","313.81"
"1","845.16"
"2","115.96"
"1","552.67"
"2","361.4"
"4","93.89"
"3","794.57"
"3","1549.98"
"2","247.49"
"3","325.07"
"3","388.92"
"1","439.85"
"3","395.83"
"1","309.54"
"1","446.49"
"2","909.85"
"4","1009.38"
"4","652.6"
"2","2035.62"
"1","660.64"
"1","241.07"
"3","264.64"
"1","1909.16"
"2","286.29"
"2","676.86"
"3","681.8"
"3","1574"
"2","77.46"
"1","796.64"
"1","206.98"
"3","1744.22"
"2","688.97"
"4","541.18"
"4","340.78"
"2","174.31"
"3","443.21"
"4","1521.85"
"1","791.88"
"3","890.25"
"2","83.7"
"4","515.87"
"3","774.06"
"2","604.61"
"1","909.81"
"1","1541.36"
"2","372.61"
"4","1730.77"
"1","1358.12"
"3","751.52"
"2","396.79"
"3","328.87"
"2","74.53"
"3","623.76"
"2","240.09"
"2","46.43"
"3","1595.2"
"2","1241.23"
"1","620.43"
"2","879.97"
"3","466.83"
"2","999.38"
"1","1635.44"
"1","1293.08"
"4","389.77"
"3","465.39"
"2","809.69"
"3","698.73"
"2","755.99"
"2","960.73"
"4","1058.23"
"2","59.13"
"3","1409.42"
"3","815.35"
"1","93.15"
"1","363.84"
"3","175.96"
"3","1774.18"
"3","176.69"
"2","955.78"
"2","688.85"
"3","401.28"
"3","515.21"
"3","527.08"
"1","1488.99"
"2","161.46"
"2","1120.39"
"3","326.27"
"4","181.59"
"1","604.3"
"4","858.76"
"3","55.15"
"2","376.54"
"2","1076.71"
"1","388.67"
"1","492.66"
"4","650.45"
"1","574.29"
"1","784.14"
"1","767.8"
"3","189.81"
"2","689.67"
"1","554.14"
"4","186.76"
"3","195.19"
"1","600.86"
"2","1276.07"
"1","641.29"
"2","464.44"
"2","759.01"
"2","548.77"
"1","1254.91"
"4","616.33"
"1","394.35"
"1","1249.44"
"4","1761.18"
"2","139.34"
"1","1209.24"
"1","132.55"
"2","548.9"
"2","95.1"
"1","861.8"
"1","168.91"
"1","1004.15"
"3","687.06"
"1","607.35"
"4","880.73"
"2","226.43"
"3","592.61"
"3","1943.59"
"1","357.91"
"1","1534.99"
"1","1302.18"
"1","279.09"
"4","1793.45"
"1","388.63"
"1","161.34"
"2","286.73"
"4","1651.86"
"1","157.43"
"3","1350.31"
"2","172.28"
"2","1423.57"
"1","1779.08"
"1","120.68"
"2","103.72"
"2","940.25"
"3","812.48"
"4","466.52"
"1","887.72"
"3","287.96"
"4","514.44"
"4","921.46"
"4","106.84"
"2","1637.61"
"1","771.51"
"2","1623.27"
"3","1773.08"
"3","450.57"
"1","189.63"
"1","1023.23"
"3","901.33"
"2","1810.89"
"4","1320.61"
"3","1708.5"
"2","1044.06"
"1","151.56"
"3","95.99"
"3","212.02"
"1","144.71"
"2","1683.44"
"3","126.03"
"4","323.81"
"3","1881.99"
"2","1222.88"
"1","1334.37"
"3","1432.71"
"1","1084.62"
"3","601.42"
"2","1200.31"
"2","58.64"
"3","436.38"
"3","1506.3"
"2","130.42"
"1","1170.6"
"1","662.33"
"1","1951.68"
"3","1814.65"
"2","535.3"
"3","360.02"
"1","149.59"
"3","1124.84"
"3","147.45"
"2","530.29"
"2","1077.48"
"1","1228.79"
"3","423.67"
"3","781.26"
"2","161.33"
"3","815.74"
"3","931.22"
"1","668.54"
"3","596.11"
"2","1511.75"
"4","1426.94"
"1","1169.73"
"2","326.95"
"2","858.02"
"2","168.04"
"1","970.48"
"2","688.1"
"3","74.4"
"1","787.74"
"3","176.4"
"3","389.32"
"3","835.12"
"3","407.22"
"1","365.09"
"3","1939.56"
"1","1231.66"
"2","324.98"
"4","539.44"
"1","897.99"
"3","1849.08"
"2","108.69"
"1","477.04"
"2","639.92"
"1","1477.39"
"3","237.26"
"2","392.71"
"1","1354.6"
"2","330.14"
"3","621.76"
"3","976.42"
"2","219.36"
"3","431.32"
"4","456.88"
"1","913.78"
"3","236.95"
"2","1833.92"
"1","160.4"
"1","735.23"
"1","947.64"
"3","67.62"
"2","996.09"
"1","730"
"4","746.45"
"2","1180.48"
"1","950.08"
"3","760.43"
"3","79.61"
"3","1212.94"
"4","555.09"
"3","1145.69"
"2","685.4"
"4","863.62"
"1","726.8"
"1","1619.35"
"1","1001.57"
"3","264.5"
"1","204.35"
"2","425.86"
"1","334.48"
"2","200.39"
"3","135.22"
"4","568.75"
"4","897.18"
"2","1719.23"
"2","832.5"
"3","462.89"
"3","81.02"
"1","64.77"
"3","391.96"
"1","114.9"
"1","1535.92"
"2","816.01"
"2","1526.12"
"4","1109.17"
"3","438.58"
"2","739.3"
"1","1011.69"
"1","754.34"
"1","447.79"
"1","1838.25"
"1","666.76"
"1","657.07"
"2","1394.51"
"1","574.83"
"1","604.83"
"3","620.22"
"1","371.62"
"2","188.31"
"1","104.1"
"3","185.21"
"2","1349.8"
"1","353.76"
"3","615.19"
"1","1307.17"
"1","335.79"
"1","165.63"
"1","354"
"4","848.09"
"3","793.45"
"1","369.95"
"2","200.63"
"1","801.25"
"4","964.78"
"3","291.08"
"3","589.8"
"3","332.97"
"1","1189.9"
"4","344.05"
"2","954.17"
"1","1370.96"
"2","776.82"
"2","269.59"
"3","109.93"
"1","1432.87"
"1","1845.39"
"1","929.46"
"4","727.58"
"1","312.42"
"2","951.15"
"1","466.85"
"4","173.1"
"3","1091.98"
"2","134.21"
"3","463.34"
"1","1255.71"
"3","997.39"
"1","1655.51"
"2","1630.95"
"1","1148.88"
"3","702.49"
"1","677.02"
"2","284.09"
"3","517.13"
"4","175.1"
"4","280.76"
"4","389.15"
"4","168.28"
"4","40.72"
"1","1527.82"
"2","180.61"
"2","326.61"
"2","288.81"
"3","689.27"
"2","604.21"
"4","831.37"
"3","199.45"
"2","1147.89"
"2","106.42"
"4","793.45"
"1","554.45"
"1","1103.29"
"3","534.44"
"4","341.04"
"1","658.94"
"2","694.77"
"3","639.92"
"3","701.36"
"4","171.28"
"3","394.96"
"1","1487.75"
"3","473.6"
"2","592.53"
"2","324.11"
"2","1185.85"
"2","297.72"
"1","351.82"
"2","356.79"
"1","1083.11"
"2","494.5"
"3","448.16"
"4","1367.54"
"1","1310.1"
"2","530.53"
"1","1113.42"
"1","2114.62"
"2","913.33"
"4","1017.17"
"4","698.49"
"3","1085.66"
"1","1411.63"
"1","682.95"
"2","123.28"
"4","738.86"
"3","553.87"
"2","1732.3"
"1","528.91"
"4","1146.86"
"3","588.84"
"1","609.81"
"2","1385.15"
"3","881.11"
"1","662.28"
"2","650.07"
"3","472.3"
"2","881.44"
"2","158.03"
"3","204.11"
"3","760.47"
"2","751.67"
"1","1027.52"
"1","382.48"
"1","477.77"
"2","1503.09"
"4","408.72"
"4","328.66"
"4","561.91"
"3","146.64"
"3","267.9"
"2","109.8"
"2","816.07"
"3","613.82"
"1","630.01"
"3","97.17"
"1","653.85"
"4","753.63"
"2","947.11"
"4","270.37"
"1","608.08"
"2","884.9"
"4","576.27"
"3","756.37"
"4","488.83"
"3","258.05"
"2","878.55"
"2","637.67"
"2","106.23"
"1","242.96"
"3","1197"
"3","934.78"
"2","382.98"
"3","542.04"
"3","999.44"
"2","969.91"
"1","1061.57"
"2","1214.25"
"3","585.64"
"2","1313.85"
"2","705.2"
"1","741.91"
"3","1669.42"
"4","223.01"
"2","272"
"1","331.4"
"1","1050.3"
"1","326.26"
"1","604.29"
"3","1075.7"
"1","934.13"
"3","405.65"
"3","1113.35"
"2","103.16"
"2","1040.14"
"1","237.17"
"1","463.39"
"1","551.9"
"4","474.36"
"2","596.38"
"2","1099.79"
"1","1016.29"
"1","645.49"
"1","153.52"
"1","384.26"
"1","965.26"
"2","2253.94"
"3","891.94"
"2","470.66"
"2","102.81"
"1","510.74"
"1","131.57"
"1","281.31"
"2","1598.96"
"3","120.11"
"2","151.47"
"1","1085.84"
"3","178.2"
"4","117.28"
"4","128.68"
"2","248.18"
"2","477.77"
"1","290.45"
"2","1461.91"
"1","1051.52"
"2","877.85"
"3","175.67"
"2","557.08"
"3","1099.96"
"2","1944.45"
"1","141.04"
"3","877.7"
"1","1112.68"
"2","126.59"
"1","703.52"
"1","1740.78"
"4","518.55"
"2","888"
"1","904.01"
"2","164.66"
"3","597.94"
"2","977.37"
"1","1692.67"
"2","75.19"
"3","614.63"
"3","262.27"
"1","156.26"
"1","1470.82"
"3","274.97"
"2","998.86"
"2","100.96"
"4","225.8"
"1","1840.42"
"4","101.39"
"1","293.46"
"1","705.2"
"3","633.66"
"2","793.3"
"2","135.4"
"3","1392.17"
"3","507.66"
"1","714.38"
"1","96.79"
"1","959.04"
"1","1102.55"
"1","1935.17"
"2","1792.76"
"4","806.49"
"1","607.87"
"2","1692.1"
"1","1393.7"
"2","708.82"
"3","1329.31"
"2","128.89"
"3","549.85"
"2","367.88"
"2","1496.93"
"2","316.35"
"1","112.71"
"2","294.7"
"3","813.14"
"1","364.57"
"4","311.6"
"1","966.55"
"3","945.77"
"4","1407.9"
"3","492.62"
"2","561.47"
"4","49.53"
"1","463.14"
"2","840.56"
"3","507.17"
"3","688.24"
"2","1724.81"
"2","830.91"
"2","192.14"
"3","338.55"
"2","504.11"
"2","1252.12"
"2","1121.91"
"3","1271.85"
"1","1359.34"
"1","118.72"
"1","694.39"
"3","499.43"
"4","150.86"
"2","1115.71"
"3","429.79"
"1","129.42"
"3","842.05"
"3","785.46"
"1","1004.17"
"2","496.81"
"1","384.51"
"4","983.7"
"1","1027.58"
"3","133.71"
"1","1169.82"
"3","563.38"
"3","186.33"
"1","80.74"
"2","133.39"
"3","957.82"
"2","677.5"
"4","1260.84"
"1","340.08"
"3","1063.09"
"1","120.13"
"2","663.92"
"2","663.31"
"2","1619.35"
"1","584.38"
"2","581.3"
"3","185.14"
"2","1428.08"
"2","349.07"
"2","404.2"
"1","100.87"
"1","247.28"
"1","1140.91"
"2","900.76"
"4","1223.15"
"1","903.58"
"3","507.85"
"1","944.75"
"3","1144.4"
"2","817.61"
"4","149.97"
"3","1045.82"
"3","310.88"
"4","545.63"
"4","1538.31"
"4","1649.58"
"2","519.84"
"1","735.85"
"1","903.45"
"3","849.94"
"1","776.37"
"4","790.79"
"3","1413.6"
"1","642.93"
"2","706.87"
"3","534.98"
"2","1187.97"
"1","490.94"
"3","702.71"
"2","245.45"
"1","612.36"
"3","286.19"
"4","200.3"
"2","1541.46"
"1","203.22"
"2","76.56"
"2","1179.97"
"2","1158.95"
"4","736.21"
"1","71.43"
"2","794.97"
"2","240.05"
"1","1202.43"
"3","402.98"
"2","618.43"
"3","712.3"
"3","666.9"
"2","581.95"
"3","1676.47"
"3","2015.3"
"1","949.05"
"3","1495.39"
"1","1131.61"
"1","230.87"
"3","743.68"
"1","149.45"
"3","455.36"
"4","966.63"
"1","1250.85"
"2","1265.8"
"3","1349.49"
"3","279.28"
"2","1005.25"
"4","454.65"
"3","646.84"
"4","396.2"
"2","1317.5"
"1","261.52"
"3","855.73"
"2","844.6"
"2","1574.68"
"1","904.38"
"1","1577.19"
"3","430.47"
"3","1666.68"
"2","479.3"
"2","668.45"
"2","341.86"
"1","155.77"
"3","666.95"
"1","2083.14"
"3","297.47"
"3","1399.98"
"2","503.48"
"3","342.68"
"3","638.12"
"1","311.36"
"1","162.67"
"2","390.82"
"4","392.71"
"1","597.51"
"1","1354.84"
"2","1298.23"
"2","847.16"
"2","1464.95"
"2","1313.96"
"3","593.24"
"1","909.12"
"1","600.64"
"4","863.74"
"3","264.84"
"3","739.61"
"4","459.72"
"2","2016.83"
"1","1258.74"
"4","758.47"
"1","67.24"
"4","237.62"
"3","453.98"
"4","304.45"
"1","1287.57"
"4","1575.37"
"2","1401.98"
"1","805.39"
"3","238"
"4","755.08"
"3","827.18"
"1","531.81"
"3","182.23"
"1","1334.12"
"4","346.17"
"2","1624.73"
"1","811.5"
"1","469.13"
"1","745.3"
"2","290.84"
"4","624.4"
"4","359.61"
"2","577.08"
"3","1074.22"
"3","67.18"
"4","453.55"
"2","275.42"
"3","1992.95"
"3","1252.91"
"2","1594.81"
"1","546.57"
"1","506.81"
"2","381.31"
"1","585"
"1","116.14"
"3","698.22"
"4","623.92"
"3","585.28"
"2","529.87"
"2","1186.79"
"3","1450.76"
"4","157.54"
"1","1733.13"
"3","54.98"
"1","360.51"
"4","698.23"
"3","231.6"
"2","510.67"
"2","1042.91"
"2","913.28"
"1","395.21"
"2","857.06"
"2","252.37"
"1","1608.66"
"2","288.87"
"4","637.76"
"2","981.13"
"1","598.09"
"3","346.17"
"4","1016.71"
"3","590.09"
"3","338.16"
"3","105.38"
"1","155.13"
"2","870.87"
"4","527.64"
"2","1557.33"
"4","816.35"
"2","613.87"
"3","1668.35"
"3","223.14"
"4","438.95"
"3","1262.76"
"2","825.52"
"4","608.95"
"1","724.22"
"2","639.44"
"4","693.7"
"3","169.79"
"1","538.31"
"4","1150.48"
"1","2030.1"
"3","490.11"
"4","330.97"
"2","447.24"
"1","251.46"
"3","1149.29"
"4","864.23"
"4","1538.64"
"2","779.03"
"2","177.06"
"3","801.42"
"3","511.24"
"1","750.2"
"3","309.37"
"4","992.7"
"4","1353.07"
"3","278.78"
"1","1426.14"
"1","1669.44"
"1","424.37"
"2","624.63"
"1","1239.29"
"3","1263.31"
"2","1066.37"
"2","251.39"
"1","260.74"
"1","2252.56"
"2","555.9"
"1","237.83"
"3","246.69"
"3","1297.21"
"2","89.63"
"4","384.27"
"2","296.86"
"3","814.58"
"4","259.49"
"3","1233.54"
"4","1593.21"
"4","802.47"
"1","795.81"
"2","1392.51"
"1","1929.81"
"2","701.04"
"2","247.3"
"1","397.86"
"3","161.41"
"1","1248.62"
"2","235.54"
"2","1312.03"
"1","822.74"
"2","750.01"
"1","1750.32"
"3","1547.94"
"2","458.48"
"1","1461.79"
"3","222.89"
"2","1655.16"
"1","1657.09"
"2","772.89"
"3","240.78"
"4","240.45"
"3","1037.76"
"2","609.27"
"3","140.59"
"3","204.65"
"1","323.42"
"3","893.19"
"2","788.31"
"3","97.73"
"2","1787.59"
"2","1172"
"3","1219.39"
"1","162.58"
"3","139.82"
"3","1082.08"
"2","1507.94"
"1","638.91"
"1","731.71"
"1","1711.47"
"4","174.39"
"2","535.84"
"1","186.66"
"3","542.7"
"2","1003.37"
"3","1652.27"
"4","506.84"
"2","718.04"
"3","274.38"
"3","1123.3"
"3","577.03"
"4","258.83"
"2","1097.25"
"1","1828.26"
"3","384.4"
"1","346.16"
"1","369.27"
"4","338.49"
"3","367.14"
"4","157.08"
"4","380.92"
"3","625.95"
"2","2100.2"
"4","750.98"
"2","140.77"
"3","502.95"
"2","1385.61"
"4","498.29"
"1","394.24"
"2","1970.54"
"3","535.16"
"2","663.66"
"3","381.48"
"1","852.07"
"4","122.82"
"3","479.7"
"3","408.76"
"3","1245.22"
"2","1769.42"
"2","149.71"
"3","714.73"
"2","818.48"
"3","429.69"
"1","380.07"
"2","2038.88"
"2","938.53"
"2","120.42"
"1","459.5"
"2","1777.24"
"1","534.8"
"3","1099.05"
"3","213.68"
"3","1707.47"
"3","319.5"
"1","161.35"
"4","274.56"
"2","1420.08"
"3","717.33"
"3","299.46"
"2","96.63"
"1","1184.14"
"3","1372.88"
"3","972.73"
"4","191.83"
"1","743.14"
"2","657.63"
"2","1055.09"
"2","248.41"
"2","473.15"
"2","1097"
"3","880.51"
"2","153.15"
"1","329.31"
"3","256.96"
"2","56.29"
"2","1107.54"
"1","510.72"
"2","269.43"
"3","1134.98"
"2","147.74"
"1","379.83"
"2","698.81"
"2","1442.51"
"1","74.77"
"1","514.71"
"1","120.04"
"1","529.07"
"3","344.88"
"3","522.76"
"2","626.66"
"3","517.62"
"1","1157.98"
"3","542.2"
"1","150.35"
"1","1884.99"
"1","1608.26"
"2","1062.37"
"2","554.45"
"1","536.81"
"1","655.82"
"3","1011.93"
"1","1348.86"
"4","1382.41"
"4","1335.26"
"3","398.2"
"1","518.68"
"2","537.08"
"3","2167.66"
"1","672.66"
"2","1544.05"
"1","130.28"
"1","168.24"
"1","200.99"
"2","1355.14"
"1","762.25"
"1","152.35"
"1","198.58"
"2","418.65"
"1","1409.04"
"2","1038.86"
"3","224.01"
"3","653.42"
"1","113.21"
"4","989.16"
"3","2053.05"
"3","295.07"
"1","186.86"
"4","298.18"
"2","1148.4"
"2","484"
"2","960.47"
"1","414.28"
"2","1475.24"
"2","685.05"
"1","323.42"
"3","142.3"
"2","70.73"
"1","367.08"
"1","285.82"
"3","376.99"
"4","1786.57"
"3","205.63"
"2","839.8"
"4","882.36"
"1","547.98"
"4","103.08"
"1","95.09"
"1","1460.82"
"2","865.47"
"3","882.91"
"4","313.45"
"3","1904.14"
"2","129.87"
"3","527.38"
"2","645.33"
"3","809.17"
"1","155.46"
"1","1121.3"
"1","65.94"
"2","417.55"
"1","1512.48"
"1","1157.02"
"4","1112.65"
"3","578.71"
"1","990.4"
"1","880.79"
"2","680.16"
"3","1099.79"
"4","1936.05"
"2","409.32"
"1","108.37"
"2","252.02"
"3","1310.91"
"3","549.39"
"1","1854.42"
"1","1407.56"
"2","548.91"
"4","467.12"
"1","1741.58"
"4","1890.58"
"1","650.53"
"1","1515.52"
"2","912.83"
"2","795.2"
"3","174.39"
"4","980.95"
"1","390.2"
"3","1059.97"
"1","128.23"
"4","807.35"
"2","1181.18"
"4","736.24"
"2","1535.29"
"1","512.73"
"1","308.94"
"1","419.63"
"4","1673.84"
"3","1224.29"
"1","564.81"
"2","329.31"
"1","119.9"
"2","363.68"
"1","1193.87"
"1","1377.88"
"2","618.79"
"2","863.25"
"2","1075.73"
"1","584"
"1","166.01"
"3","609.81"
"3","1510.73"
"2","1334.16"
"3","561.3"
"2","937.69"
"1","127.71"
"4","1035.8"
"1","479.16"
"3","202.9"
"3","359.07"
"2","355.27"
"3","916.74"
"2","1481.27"
"4","880.28"
"3","227.06"
"3","619.17"
"1","524.58"
"1","1517.28"
"2","947.82"
"2","1308.49"
"1","1310.66"
"3","151.4"
"3","427.37"
"1","245.56"
"1","395.64"
"2","477.55"
"4","1666.94"
"3","555.25"
"3","84.94"
"1","64.09"
"1","1313.45"
"1","149.8"
"4","885.54"
"1","375.42"
"1","594.27"
"3","539.68"
"1","283.86"
"3","1240"
"1","217.46"
"2","217.79"
"4","119.97"
"1","628.84"
"3","107.11"
"4","847.62"
"3","776.11"
"4","680.77"
"2","693.35"
"2","151.47"
"3","103.31"
"4","1038.06"
"3","340.2"
"4","666.76"
"1","2006.51"
"3","419.25"
"4","94.25"
"1","1108.52"
"1","942.69"
"1","593.92"
"2","801.16"
"1","312.5"
"2","1701.12"
"1","340.84"
"3","91.14"
"3","285.43"
"2","276.2"
"1","1952.08"
"2","1910.41"
"3","79.54"
"2","1193.08"
"4","643.53"
"4","1532.27"
"3","852.2"
"3","659.83"
"3","957.98"
"4","257.36"
"4","920.94"
"2","1428.29"
"2","1679.36"
"1","1672.24"
"3","1790.16"
"1","371.07"
"2","651.51"
"4","1549.16"
"2","341.59"
"3","1317.26"
"2","687.24"
"3","702.6"
"2","312.88"
"2","2013.47"
"2","1674.61"
"1","406.3"
"2","241.91"
"1","888.96"
"2","1188.63"
"1","633.77"
"2","675.83"
"4","139.59"
"4","290.6"
"3","918.8"
"2","926.48"
"2","365.55"
"4","510.66"
"1","1447.8"
"2","417.96"
"1","641.64"
"2","679.62"
"3","1844.38"
"2","1365.78"
"3","263.93"
"3","423.68"
"2","116.27"
"3","134.5"
"3","273.57"
"2","1361.59"
"4","888.12"
"1","386.8"
"1","192.18"
"2","1104.87"
"1","606.82"
"4","327.54"
"4","290.83"
"1","1079.24"
"3","748.8"
"2","1164.99"
"3","301.18"
"2","612.04"
"4","1070.23"
"1","605.65"
"3","1133.48"
"2","50.3"
"3","1087.97"
"1","1083.93"
"2","1472.81"
"1","922.37"
"2","809.22"
"2","232.97"
"4","529.8"
"1","1094.06"
"3","1809.52"
"1","202.99"
"1","534.24"
"2","1012.96"
"4","886.46"
"2","556.78"
"3","523.5"
"1","294.36"
"2","349.13"
"2","1329.39"
"3","784"
"1","475.76"
"1","1197.82"
"2","590.63"
"2","124.95"
"2","813.96"
"2","679.99"
"2","1736.45"
"2","796.18"
"2","1315.64"
"2","491.81"
"3","793.62"
"3","616.05"
"1","663.3"
"1","673.04"
"1","345.65"
"2","1595.97"
"1","725.95"
"1","608.67"
"4","522.78"
"3","1332.74"
"2","346.01"
"2","606.78"
"2","1183.66"
"3","778.94"
"1","1023.95"
"1","1461.69"
"3","283.06"
"3","205.64"
"1","795.77"
"1","1293.3"
"1","650.21"
"2","341.36"
"3","503.02"
"3","592.01"
"1","211.01"
"1","743.01"
"1","743.5"
"1","779.82"
"1","656.31"
"2","567.18"
"4","239.33"
"1","670.96"
"1","371.87"
"1","975.62"
"2","1013.8"
"2","492.43"
"4","1005.31"
"4","2048.69"
"2","1309.82"
"1","222.89"
"1","856.53"
"2","1508.06"
"3","1824.46"
"4","464.13"
"2","114.07"
"2","1365.17"
"4","2190.36"
"1","345.99"
"2","617.64"
"3","254.47"
"1","301.53"
"1","400.86"
"2","891.65"
"1","405.04"
"3","688.99"
"1","149.17"
"1","688.24"
"1","660.42"
"3","186.83"
"1","163.73"
"2","1024.85"
"1","463.07"
"3","473.02"
"4","274.06"
"1","1509.82"
"3","509.99"
"1","1378.4"
"2","144.31"
"3","165.66"
"2","1829.46"
"2","568"
"3","659.15"
"1","1266.22"
"1","389.22"
"2","1257.31"
"1","810.43"
"2","426.24"
"3","1667.22"
"2","384.78"
"4","896.04"
"2","1546.81"
"2","1029.8"
"3","1472.12"
"4","148.84"
"4","1208.68"
"3","162.4"
"2","1809.9"
"2","315"
"2","925.73"
"1","557.8"
"3","1702.43"
"1","61.94"
"4","320"
"3","258.55"
"1","520.98"
"3","884.46"
"2","615.46"
"2","297.72"
"1","247.28"
"3","981.78"
"3","244.09"
"4","1240.13"
"3","603.6"
"2","803.84"
"2","1086.62"
"3","402.97"
"1","530.82"
"3","826.84"
"2","201.78"
"1","293.54"
"3","282.82"
"1","1673.69"
"2","1320.77"
"3","557.76"
"1","366.49"
"3","892.16"
"2","938.38"
"2","576.5"
"1","1120.23"
"4","418.44"
"2","264.94"
"1","629.62"
"2","410.15"
"2","1299.74"
"3","434.29"
"1","245.15"
"1","664.16"
"4","1838.18"
"4","625.76"
"3","208.62"
"1","505.14"
"2","53.14"
"3","823.99"
"3","140.17"
"3","221.52"
"1","384.25"
"1","304.97"
"2","511.81"
"1","100.93"
"2","1728.7"
"3","641.5"
"1","422.66"
"1","506.34"
"1","733.42"
"1","1563.81"
"2","1376.12"
"3","1189.54"
"3","837.73"
"3","1295.78"
"3","1191.07"
"3","485.33"
"4","675.25"
"1","141.94"
"4","1645.12"
"1","1138.63"
"2","708.64"
"3","88.95"
"4","888.65"
"2","1676.6"
"2","816.1"
"1","141.05"
"2","229.46"
"1","2091.17"
"2","505.69"
"4","529.14"
"1","930.51"
"4","253.99"
"1","891.39"
"1","1709.32"
"1","288"
"3","110.21"
"3","2124.03"
"1","2238.01"
"3","1591.26"
"3","200.79"
"1","568.88"
"3","459.37"
"4","144.02"
"3","280.1"
"3","1415.26"
"3","1271.51"
"1","1555.31"
"3","1746.66"
"3","290.65"
"4","570.38"
"1","49.97"
"1","380.53"
"3","183.31"
"3","182.4"
"2","1135.31"
"3","409.58"
"2","859.65"
"3","389.08"
"1","1174.84"
"2","984.22"
"1","1480.21"
"3","562.28"
"3","1517.91"
"3","1157.51"
"1","1498.87"
"2","878.36"
"2","1586.44"
"2","183.79"
"1","462.16"
"3","782.5"
"1","277.43"
"1","173.2"
"2","367.93"
"2","508.49"
"2","1013.96"
"1","70.32"
"3","1245.76"
"1","1453.64"
"3","1067.41"
"3","1829.81"
"1","1277.88"
"1","1058.56"
"1","790.18"
"1","1361.71"
"2","491.11"
"3","892.16"
"1","370.66"
"4","273.01"
"2","441.4"
"4","1449.17"
"3","1465.23"
"2","74.18"
"3","510.57"
"1","527.98"
"1","589.07"
"2","1413.33"
"2","599.18"
"2","607.22"
"4","296.33"
"3","782.9"
"2","701.04"
"1","620.89"
"1","1757.23"
"2","1114.01"
"2","1561.98"
"1","541.96"
"3","1010.71"
"3","688.85"
"3","930.86"
"4","1375.75"
"1","1009.47"
"1","383.68"
"2","409.18"
"2","895.2"
"1","807.18"
"3","666.1"
"2","514.09"
"3","1394.32"
"4","850.5"
"3","315.38"
"2","694.74"
"2","1067.64"
"2","569.61"
"4","822.24"
"2","184.58"
"2","119.19"
"1","1549.6"
"4","507.77"
"1","322.16"
"2","1665.2"
"1","468.68"
"2","476.11"
"1","1553.22"
"3","453.55"
"4","784.48"
"1","969.5"
"3","1020.02"
"3","1433.69"
"1","1420.2"
"2","2238.39"
"1","724.13"
"2","852.09"
"2","1111.34"
"1","459.14"
"4","1556.06"
"1","158.21"
"1","739.95"
"3","628.03"
"4","176.72"
"2","377.02"
"4","888.73"
"3","372.84"
"4","328"
"3","313.03"
"4","372.08"
"3","1789"
"3","62.59"
"3","114.5"
"1","1205.31"
"3","413.75"
"2","1526"
"3","973.22"
"1","1561.61"
"3","303.56"
"1","347.61"
"2","1723.27"
"4","368.05"
"4","492.69"
"3","567.8"
"3","1062.14"
"2","619.04"
"1","1132.85"
"1","840.13"
"2","626.2"
"1","348.73"
"1","553.13"
"3","171.09"
"2","1117.18"
"1","1293.2"
"3","373.92"
"3","1325.72"
"1","455.25"
"4","1477.9"
"1","685.25"
"3","469.13"
"2","1359.97"
"2","398"
"1","393.07"
"2","201.42"
"4","462.97"
"1","977.05"
"3","553.02"
"2","962.32"
"3","227.47"
"3","162.5"
"2","662.15"
"2","929.99"
"2","71.5"
"3","466.83"
"1","494.2"
"2","583.86"
"1","700.42"
"2","1153.55"
"4","1146.38"
"2","347.54"
"3","1292.75"
"1","424.97"
"1","1299.83"
"4","281.98"
"3","349.04"
"2","533.69"
"4","772.78"
"2","112.22"
"2","362.8"
"1","109.55"
"1","1142.64"
"4","488.17"
"2","604.25"
"4","308.4"
"2","73.86"
"1","603.41"
"2","384.64"
"1","352.2"
"1","192.83"
"4","680.24"
"2","483.93"
"4","1094.97"
"1","251.48"
"2","886.19"
"2","503.97"
"2","443.57"
"2","606.09"
"3","534.37"
"1","108.76"
"1","538.96"
"1","1623.68"
"4","111.23"
"2","1151.01"
"3","415.25"
"2","121.83"
"1","1858.68"
"1","1747.69"
"2","1392.44"
"1","689.83"
"1","1278.2"
"3","634.41"
"4","776.57"
"2","65.74"
"3","521.88"
"3","749.39"
"1","590.41"
"4","301.83"
"1","1678.88"
"1","1226.07"
"1","523.77"
"3","544.41"
"1","984.39"
"2","742.35"
"1","751.26"
"2","840.98"
"2","1515.47"
"1","511.56"
"1","266.3"
"3","1272.15"
"1","266.1"
"3","1383.89"
"2","1088.2"
"1","1719.78"
"1","258.1"
"4","770.64"
"1","2054.8"
"4","619.16"
"3","587.52"
"1","88.83"
"1","169.6"
"4","397.68"
"2","490.67"
"4","492.48"
"1","542.96"
"2","1397.08"
"1","392.8"
"1","255.72"
"2","1005.63"
"3","325.41"
"3","1505.99"
"1","490.3"
"1","1393.24"
"2","843.17"
"1","144.14"
"2","1000.65"
"2","138.19"
"2","508.25"
"2","707.53"
"4","109.7"
"4","253.93"
"2","802.43"
"3","855.68"
"2","391.72"
"3","1545.04"
"1","665.58"
"1","539.81"
"3","97.25"
"2","45.5"
"2","880.19"
"1","738.34"
"3","749.3"
"4","287.6"
"1","761.92"
"1","790.29"
"4","136.4"
"2","839.92"
"4","1403.26"
"3","911.54"
"4","523.01"
"1","810.08"
"2","260.75"
"1","139.77"
"3","781.49"
"1","112.35"
"3","729.14"
"2","784.02"
"3","468.4"
"1","926.82"
"1","1067.1"
"1","813.96"
"3","1103.26"
"4","769.33"
"2","1314.41"
"1","182.01"
"2","1525.15"
"1","247.22"
"2","535.16"
"4","543.78"
"1","746.21"
"1","1120.3"
"1","207.94"
"4","499.95"
"4","554.11"
"1","345.9"
"1","1467.04"
"4","354.93"
"4","506.79"
"1","746.61"
"3","700.19"
"3","1134.36"
"1","434.82"
"2","220.18"
"2","1451.08"
"1","969.94"
"2","1483.94"
"3","204.29"
"4","318.2"
"3","662.93"
"3","1326.62"
"4","513.45"
"3","315.31"
"4","1051.35"
"2","170.18"
"2","1322.4"
"4","480.83"
"2","366.06"
"4","1041.41"
"1","303.41"
"1","707.09"
"1","255.29"
"1","1393.32"
"2","436.8"
"3","1181.27"
"3","914.65"
"3","347.24"
"1","166.96"
"4","960.51"
"3","511.36"
"3","543.32"
"3","326.54"
"2","1186.79"
"4","263"
"2","638.89"
"3","525.48"
"1","170.42"
"1","1402.33"
"4","723.68"
"3","1012.15"
"4","311.28"
"3","107.37"
"3","682.01"
"1","914.57"
"2","1496.65"
"1","1462.74"
"2","855.73"
"1","493.15"
"1","161.06"
"3","346.28"
"3","2141.46"
"1","852.3"
"3","1166.77"
"2","341.65"
"1","986.19"
"3","1418.14"
"2","59.76"
"4","1088.47"
"2","292.93"
"2","975.5"
"3","749.89"
"2","1215.79"
"2","652.3"
"4","362.86"
"3","1774.3"
"1","1833.1"
"2","1462.51"
"1","1584.35"
"3","246.65"
"3","346.73"
"1","1560.98"
"3","686.09"
"2","858.08"
"3","243.55"
"2","243.1"
"1","111.28"
"3","1254.13"
"2","513.62"
"3","287.72"
"2","429.21"
"1","300.62"
"1","1571.63"
"4","104.3"
"1","1326.12"
"1","2251.68"
"1","719.52"
"1","747.26"
"1","456.73"
"2","429"
"3","580.37"
"2","337.01"
"3","222.2"
"2","559.54"
"3","410.12"
"1","185.36"
"1","533.18"
"1","747.09"
"4","513.46"
"2","437.9"
"1","182.95"
"3","643.55"
"4","335.23"
"4","282.97"
"1","1585.17"
"1","1142.89"
"4","2256.7"
"2","307.36"
"3","376.61"
"3","534.96"
"4","1972.96"
"3","509.81"
"3","703.97"
"2","212.02"
"1","401.92"
"2","1073.79"
"3","484.15"
"3","388.47"
"3","522.03"
"4","1998.53"
"3","700.29"
"1","757.3"
"3","1154.04"
"2","1825.82"
"2","167.17"
"3","63.87"
"2","862.85"
"1","308.94"
"2","895.49"
"3","908.11"
"1","760.21"
"1","685.67"
"1","448.23"
"1","214.43"
"2","1137.29"
"2","712.27"
"3","1231.47"
"2","1045.21"
"1","1195.36"
"3","385.92"
"3","884.43"
"1","1181.46"
"3","665.7"
"4","275.24"
"1","352.12"
"3","83.68"
"1","554.4"
"4","82.88"
"1","982.82"
"2","671.92"
"4","879.4"
"1","556.99"
"1","1332.25"
"3","431.8"
"1","1323.97"
"2","1043.24"
"3","112.73"
"1","955.96"
"3","308.92"
"1","1189.16"
"4","504.66"
"3","794.35"
"2","521.76"
"3","1079.56"
"1","820.74"
"3","553.65"
"2","818.34"
"1","521.49"
"4","667.65"
"3","1662.25"
"1","654.45"
"4","506.48"
"4","711.09"
"1","450.59"
"1","381.44"
"2","322.46"
"1","98.64"
"1","427.68"
"4","396.11"
"1","83.17"
"2","1101.32"
"2","565.02"
"1","1119.39"
"3","194.78"
"3","323.92"
"1","271.84"
"3","156.49"
"1","657.63"
"1","704.52"
"1","1218.92"
"2","1190.38"
"2","573.64"
"1","446.55"
"2","1208.1"
"1","1109.43"
"1","1246.16"
"2","625.39"
"2","137.48"
"4","526.92"
"1","806.78"
"1","1299.65"
"2","72"
"3","1849.51"
"3","165.65"
"2","328.26"
"4","612.15"
"2","541.93"
"1","392.94"
"2","616.83"
"3","1501.84"
"1","1501.03"
"4","194.71"
"4","1587.97"
"3","710.39"
"2","299.02"
"3","719.92"
"2","121.27"
"2","561.63"
"3","680.63"
"2","1043.54"
"2","751.74"
"1","394.62"
"3","681.63"
"3","1071.03"
"3","346.92"
"1","1274.43"
"2","861.74"
"3","1077.53"
"4","1243.61"
"1","2204.41"
"2","1978.7"
"1","382.26"
"1","1330.19"
"4","731.77"
"1","672.74"
"1","1766.46"
"2","461.34"
"1","976.3"
"2","812.23"
"3","1260.13"
"1","1740.35"
"3","255.14"
"2","1056.99"
"1","1019.51"
"2","650.47"
"4","369.77"
"3","307.94"
"4","302.44"
"2","532.61"
"3","900.77"
"3","803.02"
"2","995.15"
"4","227.35"
"3","1989.5"
"3","546.14"
"2","1533.62"
"3","983.25"
"2","990.57"
"1","1088.35"
"1","1001.28"
"1","1169.39"
"4","698.25"
"2","967.59"
"2","404.11"
"1","63.25"
"1","91.21"
"1","2107.1"
"2","469.78"
"3","258.6"
"2","639.81"
"1","2010.49"
"3","461.47"
"4","192.51"
"2","1429.33"
"1","402.73"
"3","1169.75"
"2","183.86"
"3","328.79"
"1","306.6"
"3","1510.07"
"2","316.46"
"2","1489.36"
"3","757.29"
"4","513.97"
"3","128.41"
"1","1226"
"2","586.7"
"1","1240.33"
"4","82.08"
"4","1144.26"
"3","291.67"
"4","382.48"
"3","745.25"
"4","958.15"
"1","1140.36"
"4","373.87"
"1","436.35"
"1","459.57"
"2","1449.94"
"4","576.83"
"3","466.84"
"2","328.9"
"1","1459.63"
"1","375.96"
"4","672.78"
"2","1997.96"
"3","1621.99"
"3","355.74"
"2","1287.09"
"3","896.18"
"2","101.19"
"3","678.24"
"1","371.18"
"1","807.58"
"2","2033.19"
"2","1270.09"
"1","249.77"
"3","416.42"
"3","794.81"
"3","1240.21"
"1","518.23"
"4","720.35"
"2","683.59"
"2","1140.09"
"3","94.24"
"3","1275.62"
"2","261.39"
"3","1727.9"
"3","895.01"
"2","400.72"
"2","1029.83"
"2","358.18"
"1","1290.37"
"3","331.29"
"2","563.84"
"1","542.47"
"2","1139.99"
"2","779.91"
"1","62.63"
"1","405.85"
"1","457.9"
"1","935.81"
"4","1439.59"
"4","213.23"
"1","1053.45"
"1","1373.51"
"3","738.24"
"1","467.35"
"3","1459.59"
"1","257.37"
"1","1264.03"
"1","629.6"
"3","463.64"
"4","1836.61"
"3","1270.05"
"2","287.35"
"2","242.17"
"1","1090.84"
"1","502.62"
"2","1336.26"
"1","1500.31"
"1","624.18"
"2","1229.22"
"4","1367.77"
"2","303.65"
"1","898.78"
"4","590.26"
"2","974.28"
"3","465.04"
"4","764.53"
"3","338.77"
"2","948.18"
"3","258.92"
"3","166.08"
"1","1005.89"
"3","1479.08"
"1","1324.2"
"1","1486"
"1","332.38"
"1","1601.51"
"1","522.34"
"3","249.42"
"3","690.38"
"2","921.3"
"2","97.25"
"3","777.5"
"1","563.68"
"1","1899.56"
"2","233.88"
"4","474.89"
"1","390.54"
"3","376.75"
"3","312.11"
"1","1875.69"
"1","1099.13"
"2","1757.07"
"3","428.08"
"1","571.48"
"2","186.46"
"4","182.08"
"3","983.11"
"3","378.42"
"2","747.75"
"4","145.69"
"3","545.97"
"2","308.93"
"1","274.72"
"3","1136.59"
"1","562.03"
"3","306.64"
"2","868.5"
"1","929.25"
"2","762.43"
"1","787.19"
"2","692.5"
"3","1497.14"
"1","2245.66"
"2","527.95"
"1","144.06"
"4","747.25"
"1","332.97"
"2","805.72"
"2","1910.72"
"3","357.12"
"2","150.94"
"1","438.26"
"2","718.71"
"1","379.76"
"1","770.41"
"4","662.68"
"2","397.5"
"2","1317.08"
"2","802.61"
"2","589"
"2","111.2"
"2","754.29"
"3","161.81"
"2","1222.54"
"3","1328.15"
"2","570.57"
"4","480.51"
"1","252.19"
"2","333.45"
"1","1611.3"
"4","822.44"
"3","536.81"
"4","403.58"
"1","302.46"
"2","360.49"
"3","611.67"
"4","636.92"
"3","847.56"
"2","1112.25"
"2","396.56"
"2","1073.31"
"3","565.33"
"2","788.77"
"1","752.63"
"3","1770.9"
"1","1143.61"
"2","969.57"
"1","1573.82"
"2","97.55"
"3","334.82"
"1","124.34"
"1","246.3"
"2","398.77"
"1","191.35"
"2","187.71"
"3","904.09"
"3","151.37"
"3","622.33"
"3","99.85"
"1","866.97"
"1","820.08"
"1","996.18"
"2","1327.87"
"1","1990.34"
"1","1529.63"
"2","704.7"
"2","782.36"
"1","60.85"
"1","923.55"
"1","1027.74"
"1","771.01"
"3","1612.69"
"2","589.96"
"1","994.4"
"3","70.97"
"3","300.06"
"3","455.46"
"3","1719.58"
"4","1777.55"
"4","370.99"
"3","196.13"
"1","654.38"
"2","918.2"
"4","345.28"
"1","207.73"
"1","577.58"
"3","1273.49"
"2","734.39"
"4","345.95"
"2","815.48"
"1","284.84"
"3","1177.85"
"2","593.43"
"3","1437.94"
"4","387.39"
"2","960.47"
"1","998.64"
"1","162.33"
"4","255.79"
"3","52.52"
"3","190.02"
"4","287.79"
"1","1074.22"
"2","455.46"
"3","394.78"
"2","736.05"
"3","267.42"
"1","1944.06"
"2","972.48"
"1","1003.95"
"1","1340.53"
"4","287.34"
"1","120.93"
"3","1102.85"
"4","663.88"
"3","411.49"
"2","344.8"
"3","85.69"
"2","673.42"
"1","595.75"
"1","180.49"
"3","619.07"
"4","1041.15"
"3","723.43"
"2","374.97"
"3","228.17"
"2","353.81"
"1","788.94"
"2","814.68"
"1","1229.24"
"2","821.48"
"3","939.2"
"4","447.34"
"1","471.85"
"1","374.33"
"1","329.57"
"1","1297.59"
"3","2255.32"
"2","456.5"
"2","612.39"
"1","488.35"
"4","872.04"
"1","369.91"
"2","823.26"
"3","278.74"
"1","79.39"
"3","491.71"
"3","404.52"
"1","637.72"
"2","415.51"
"1","953.21"
"3","692.42"
"2","784.62"
"2","479.23"
"1","486.62"
"1","776.11"
"2","423.34"
"1","1080.15"
"3","1824.54"
"4","1197.16"
"2","437.62"
"1","955.32"
"1","484.5"
"3","451.44"
"2","475.65"
"3","459.6"
"1","595.81"
"3","222.68"
"3","192.38"
"1","191.41"
"1","914.67"
"3","75.76"
"3","772.04"
"3","638.13"
"1","1314.76"
"1","382.8"
"3","325.58"
"2","473.15"
"3","691.75"
"1","171.57"
"2","270.63"
"3","158.14"
"3","944.51"
"3","326.34"
"3","871.48"
"3","631.39"
"3","428.53"
"1","398.29"
"4","617.42"
"3","1388.04"
"2","1023.77"
"2","642.51"
"2","668.37"
"1","355.99"
"3","149.73"
"1","508.05"
"4","1366.61"
"1","757.28"
"4","539.4"
"3","1221.15"
"3","282.33"
"2","126.23"
"3","1817.92"
"2","1592.33"
"2","378.09"
"1","529.32"
"4","491.18"
"1","2008.68"
"1","152.3"
"2","1159.41"
"1","727.58"
"2","365.46"
"2","737.21"
"3","1474.08"
"2","966.08"
"3","356.77"
"1","467.07"
"3","69.16"
"1","127.85"
"3","960.44"
"2","867.88"
"3","490.61"
"3","418.97"
"3","587.73"
"3","101.74"
"3","1243.74"
"1","1652.44"
"3","669.76"
"1","393.23"
"3","116.44"
"1","1565.78"
"2","351.92"
"3","1790.32"
"2","1553.26"
"2","882.36"
"1","186.26"
"3","1263.07"
"3","174.77"
"4","298"
"4","956.85"
"1","1342.79"
"1","1150.15"
"3","1206.07"
"3","1106.59"
"3","385.64"
"2","1381.34"
"3","76.74"
"4","382.79"
"2","2255.95"
"2","922.19"
"2","1009.03"
"1","1606.61"
"2","1580.13"
"3","380.61"
"3","735.76"
"2","472.85"
"3","407.77"
"4","231.35"
"1","364.39"
"1","706.57"
"2","348.53"
"2","211.54"
"1","284.13"
"3","1296.01"
"1","371.91"
"3","867.64"
"3","556.23"
"3","1001.09"
"3","433.73"
"2","104.28"
"2","912.93"
"2","643.23"
"1","524.74"
"3","651.75"
"1","701.2"
"2","399.72"
"3","1824.16"
"2","57.97"
"4","1603.02"
"3","299.25"
"3","157.12"
"2","155.25"
"2","1745.8"
"1","1108.98"
"3","562.57"
"3","908.63"
"3","726.58"
"3","382.36"
"1","96.26"
"1","1210.09"
"3","1003.15"
"1","1683.89"
"3","1103.52"
"4","650.42"
"1","399.25"
"3","1048.81"
"2","1253.54"
"3","764.94"
"3","1130.99"
"3","748.2"
"2","339.29"
"1","2072.84"
"3","483.3"
"2","892.6"
"2","369.09"
"3","326.6"
"4","611.67"
"1","1182.47"
"1","455.2"
"3","1117.69"
"1","1084.03"
"3","1109.91"
"2","995.51"
"2","74.68"
"1","604.25"
"2","1663.94"
"3","439.06"
"4","146.68"
"1","1013.69"
"3","670.61"
"4","927.46"
"3","1538.89"
"1","763.86"
"4","332.34"
"2","167.17"
"3","479.55"
"1","287.39"
"1","1559.11"
"2","256.33"
"2","582.02"
"4","1009.29"
"1","1118.66"
"3","393.76"
"1","235.43"
"1","1809.29"
"2","1420.44"
"1","1204.73"
"3","316.49"
"2","840.93"
"4","263.8"
"4","789.54"
"3","652.96"
"3","351.36"
"2","1009.87"
"4","379.29"
"1","157.96"
"3","1090.25"
"3","593.39"
"1","114"
"3","685.32"
"4","947.92"
"4","614.23"
"1","169.89"
"2","1543.79"
"3","740.2"
"2","506.84"
"4","543.37"
"3","869.74"
"2","786.83"
"3","235.83"
"3","320.09"
"3","179.3"
"3","984.45"
"3","423.19"
"1","80.39"
"2","1006.85"
"3","409.69"
"2","492.52"
"1","561.29"
"1","1755.35"
"2","426.89"
"4","1227.64"
"2","450.05"
"4","127.08"
"1","1419.03"
"3","900.12"
"3","1766.2"
"3","851.22"
"3","1874.6"
"2","318.97"
"3","1305.48"
"3","928.48"
"3","781.04"
"2","885.64"
"2","378.34"
"3","1313.37"
"2","1899.56"
"3","156.72"
"3","1773.24"
"3","1355.35"
"2","583.17"
"3","891.02"
"2","1415.01"
"1","485.24"
"1","120.91"
"1","573.04"
"2","717.86"
"3","1695.57"
"1","164"
"4","444.65"
"3","1017.77"
"2","1641.91"
"2","800.87"
"1","469.34"
"1","1745.84"
"3","1639.59"
"3","2154.87"
"2","121.58"
"1","619.7"
"1","46.03"
"3","628.25"
"2","2003.52"
"2","892.15"
"4","552.26"
"3","604.72"
"3","715.94"
"3","448.16"
"3","387.56"
"1","109.96"
"2","283.14"
"1","895.99"
"2","971.57"
"4","478"
"2","1559.18"
"1","994.08"
"4","149.93"
"4","1379.27"
"2","288.93"
"2","1188.7"
"1","173.66"
"1","655.33"
"1","545.99"
"3","1353.04"
"1","754.45"
"2","350.81"
"1","163.19"
"1","173.96"
"1","1055.73"
"4","1952.73"
"1","1506.77"
"4","300.34"
"3","706.02"
"3","476.25"
"1","50.64"
"3","648.53"
"1","1871.77"
"3","343.82"
"3","102.35"
"1","1029.42"
"1","969.8"
"1","833.8"
"2","1109.25"
"2","1103.75"
"2","1145.05"
"3","1603.83"
"4","1123.01"
"2","1074.11"
"2","405.16"
"3","376.77"
"1","1360.12"
"1","1332.8"
"1","1375.83"
"3","274.39"
"1","535.64"
"2","172.71"
"2","391.2"
"3","745.65"
"2","404.87"
"3","992.97"
"2","1002.66"
"1","165.15"
"4","252.8"
"2","1028.19"
"3","570.88"
"2","545.7"
"1","159.96"
"2","824.29"
"1","786.83"
"1","182.36"
"4","619.4"
"2","496.91"
"3","765.94"
"2","846.04"
"3","1010.4"
"3","224.98"
"1","767.13"
"1","560.15"
"2","212.91"
"3","250.98"
"3","1164.59"
"3","509.85"
"1","1787.86"
"3","1288.27"
"4","832.31"
"2","513.83"
"1","280.65"
"2","146.97"
"3","213.45"
"1","200.58"
"1","430.07"
"1","202"
"2","614.21"
"2","392.98"
"1","1263.07"
"3","2037.98"
"1","1242.38"
"4","765.67"
"3","506.96"
"1","914.27"
"4","751.4"
"3","1435.76"
"3","1705.47"
"1","469.7"
"1","382.58"
"2","673.06"
"1","926.2"
"3","725.78"
"4","532.01"
"3","403.77"
"1","1452.41"
"3","588.99"
"2","811.97"
"1","541.32"
"1","1263.74"
"3","806.58"
"2","548.57"
"1","567.4"
"2","140.08"
"3","720.18"
"3","649"
"2","1015.04"
"1","1667.26"
"2","589.33"
"4","137.85"
"2","173.58"
"2","2011.53"
"3","712.03"
"3","429.59"
"3","735.47"
"1","520.35"
"4","575.47"
"1","359.73"
"2","1824.33"
"2","720.12"
"4","446.41"
"3","488.66"
"3","242.51"
"3","908.81"
"2","74.01"
"3","180.41"
"2","457.71"
"4","1315.56"
"1","745.36"
"2","330.71"
"3","1507.9"
"4","1482.48"
"3","1103.36"
"4","953.8"
"2","1571.11"
"2","228.5"
"3","1184.27"
"2","489.06"
"1","485.42"
"3","212.27"
"4","65.14"
"3","1359.47"
"2","1359.15"
"3","411.02"
"2","93.35"
"3","721"
"2","693.71"
"1","380.17"
"1","401.23"
"3","794.41"
"2","702.37"
"2","285.05"
"1","579.59"
"1","116.92"
"1","1161.22"
"1","260.29"
"1","593.83"
"2","50.32"
"1","1611.94"
"3","523.9"
"2","153.72"
"3","711.36"
"1","1234.14"
"3","130.83"
"3","454.62"
"3","663.87"
"2","177.47"
"3","536.16"
"1","494.21"
"2","698.88"
"1","511.24"
"1","361.67"
"1","668.75"
"1","559.93"
"1","573.26"
"3","1046.15"
"3","845.6"
"4","427.02"
"2","399.9"
"3","810.13"
"2","190.05"
"2","308.69"
"1","1863.9"
"1","649.94"
"3","2098.44"
"3","384.38"
"3","1880.25"
"3","1096.47"
"3","1235.44"
"2","1051.96"
"3","574.12"
"4","1362.07"
"1","459.97"
"3","451.9"
"3","1033.46"
"1","1858.23"
"3","808.72"
"1","1002.1"
"3","153.51"
"2","1466.93"
"1","158.45"
"2","110.19"
"1","76.96"
"4","319.22"
"2","778.28"
"2","1443.42"
"2","210.4"
"2","1101.51"
"2","427.91"
"4","1523.23"
"3","1104.42"
"3","1434.56"
"1","2128.41"
"1","1486.68"
"4","480.17"
"1","161.23"
"4","274.34"
"2","412.86"
"3","601.29"
"2","1301.78"
"1","159.98"
"4","1302.74"
"3","543.51"
"1","603.9"
"4","371.02"
"4","1131.14"
"2","986.81"
"3","179.57"
"3","157.66"
"3","910.18"
"4","912.82"
"2","735.89"
"2","469.84"
"2","1595.45"
"1","1028.98"
"4","1083.05"
"3","545"
"3","672.89"
"3","705.25"
"2","348.06"
"4","579.19"
"3","1813.56"
"1","722.37"
"3","418.72"
"2","1047.34"
"2","375.45"
"1","749.29"
"1","1114.81"
"1","640.65"
"3","164.4"
"3","359.01"
"3","761.98"
"3","1831.52"
"4","65.15"
"2","458.51"
"4","1818.3"
"2","426.54"
"2","260.58"
"3","157.28"
"2","443.06"
"2","306.55"
"1","1627.13"
"3","169.16"
"2","737.26"
"1","433.84"
"2","684.54"
"3","456.46"
"3","128.99"
"1","1106.04"
"1","1546.66"
"1","376.2"
"3","407.87"
"2","316.86"
"1","1201.9"
"2","595.67"
"2","986.52"
"1","1813.17"
"3","574.24"
"1","1490.38"
"2","298.12"
"2","407.48"
"3","156.82"
"3","1395.58"
"2","1732.8"
"1","635.84"
"2","142.2"
"1","102.08"
"2","342.34"
"1","904.22"
"1","649.98"
"1","471.22"
"4","913.23"
"1","178.11"
"2","630.24"
"2","1526.15"
"1","550.28"
"2","628.43"
"2","69.22"
"2","491.98"
"1","1518.94"
"2","1247"
"1","1754.85"
"3","89.58"
"2","1023.51"
"3","2019.62"
"2","694.47"
"2","477.88"
"4","1582.96"
"1","1591.08"
"1","466.26"
"3","1365.85"
"1","727.96"
"1","2065.71"
"2","828.21"
"1","150"
"3","1491.46"
"2","990.1"
"4","649.86"
"3","276.7"
"2","717.44"
"3","1205.3"
"4","1480.22"
"2","284.27"
"3","1454.82"
"3","626.99"
"1","1607.97"
"3","309.19"
"4","1839.62"
"3","598.32"
"1","220.89"
"3","551.21"
"3","85.26"
"3","1743.86"
"1","659.01"
"3","1121.58"
"1","1084.89"
"3","590.98"
"3","591.22"
"4","369.62"
"2","733.89"
"1","143.53"
"1","539.14"
"3","87.65"
"3","821.09"
"2","854.36"
"1","689.48"
"3","1307.36"
"1","2081.89"
"1","692.76"
"3","1004.2"
"2","233.26"
"4","1385.54"
"3","1321.18"
"3","53.88"
"3","965.6"
"2","172.91"
"2","153.38"
"2","1151.26"
"2","53.53"
"3","1266.87"
"2","661.19"
"2","429.76"
"3","105.58"
"2","322.89"
"2","607.73"
"2","211.31"
"2","214.38"
"1","599.98"
"3","1081.45"
"3","1043.7"
"1","606.68"
"2","880.5"
"1","709.17"
"4","967.45"
"2","514.34"
"1","201.2"
"1","313.25"
"1","495.76"
"2","346.88"
"3","673.99"
"3","256.96"
"3","304.78"
"1","712.9"
"3","226.35"
"1","484.79"
"1","227"
"2","247.98"
"3","480.51"
"1","165.66"
"4","710.88"
"4","314.64"
"1","1975.16"
"4","135.92"
"2","815.24"
"1","362.52"
"2","751.31"
"3","51.36"
"3","893.58"
"1","1226.82"
"1","1828.91"
"3","1478.79"
"3","829.27"
"2","317.38"
"2","381.03"
"3","1271.05"
"1","1812.74"
"3","389.35"
"1","243.23"
"2","798.85"
"2","1352.5"
"1","1367.66"
"2","878.73"
"1","550.62"
"3","563.89"
"3","810.88"
"2","997.48"
"2","686.17"
"4","243.64"
"1","184"
"2","233.77"
"4","576.48"
"2","598.23"
"1","1418.29"
"4","203.7"
"2","2037.22"
"1","199.55"
"2","164.34"
"2","560.33"
"3","532.93"
"1","607.63"
"1","174.01"
"4","1607.02"
"3","167.2"
"1","499.96"
"3","1489.88"
"1","829.58"
"2","826.27"
"1","323.9"
"3","533.01"
"1","1370.01"
"3","364.98"
"3","702.56"
"1","92.07"
"1","189.78"
"3","1353.17"
"1","681.53"
"3","155.91"
"3","450.78"
"1","379.02"
"3","242.43"
"3","290.7"
"3","1946.84"
"4","1161.74"
"2","1690.83"
"4","253.66"
"1","603.31"
"2","302.88"
"1","338.99"
"3","299.02"
"3","978.87"
"1","1660.3"
"3","271"
"3","1214.8"
"3","220.81"
"3","882.46"
"3","402.4"
"3","1714.09"
"4","580.72"
"1","346.16"
"1","411.13"
"3","1290.4"
"4","1304.05"
"3","509"
"4","645.08"
"2","586.62"
"4","396.47"
"3","510.64"
"2","952.7"
"3","989.68"
"2","865.56"
"2","872.4"
"4","881.61"
"2","566.7"
"2","802.56"
"2","691.34"
"4","751.76"
"3","1387.61"
"4","999.67"
"1","842.19"
"4","1319.55"
"3","1830.28"
"4","787.32"
"4","876.89"
"1","1534.38"
"3","1949.72"
"4","319.43"
"1","99.44"
"3","505.85"
"1","1060.49"
"1","651.95"
"4","571.33"
"3","329.55"
"4","215.35"
"1","1480.75"
"1","2125.66"
"4","866.51"
"2","420.66"
"3","322.81"
"2","376.72"
"2","605.09"
"4","335.43"
"2","470.63"
"2","1884.65"
"2","1506.38"
"1","773.23"
"2","1693.75"
"3","354.65"
"3","107.3"
"2","629.85"
"3","1190.98"
"1","1245.94"
"3","495.84"
"1","1074.7"
"2","401.62"
"4","418.55"
"2","269.05"
"2","142.23"
"4","683.49"
"2","482.16"
"1","978.75"
"3","203.49"
"3","625.14"
"2","2087.78"
"3","2182.71"
"3","1723.62"
"2","957.32"
"4","721.48"
"2","1474.62"
"3","70.24"
"1","171.88"
"2","1912.1"
"3","59.43"
"2","489.92"
"1","966.04"
"3","895.47"
"1","244.77"
"1","781.3"
"2","743.62"
"2","308.66"
"1","470.88"
"3","744.12"
"3","138.38"
"1","1224.74"
"4","272.54"
"2","367.44"
"4","574.56"
"1","567.31"
"3","270.15"
"1","1259.88"
"3","1254.49"
"4","1296.51"
"2","1122.55"
"2","127.53"
"3","1071.67"
"3","1138.24"
"3","572.71"
"1","770.95"
"4","567.78"
"3","768.19"
"3","447.88"
"2","1603.52"
"1","398.27"
"3","1584.14"
"3","353.04"
"1","346.1"
"3","1372.92"
"1","49.45"
"4","418.47"
"2","1109.3"
"3","1336.63"
"3","978.8"
"1","656.04"
"3","174.84"
"1","552.54"
"1","1206.99"
"1","270.56"
"3","557.96"
"3","509.98"
"1","1089.3"
"3","540.95"
"1","1089.91"
"1","686.28"
"3","1426.27"
"3","112.06"
"1","307.9"
"2","941.13"
"1","358.01"
"2","349.36"
"4","638.96"
"3","375.65"
"1","1696.54"
"3","282.49"
"2","200.35"
"2","733.3"
"3","806.32"
"3","1115.73"
"3","944.71"
"3","505.37"
"3","426.29"
"4","865.3"
"3","522.09"
"1","887.95"
"2","506.98"
"1","1147.3"
"1","871.13"
"3","312.31"
"2","512.95"
"2","692.71"
"1","440.8"
"4","288.72"
"4","461.52"
"1","1925.35"
"4","544.36"
"4","381.44"
"1","382.13"
"4","429.19"
"2","242.26"
"2","327.77"
"1","637.76"
"1","142.92"
"2","352.99"
"2","639.77"
"2","501.24"
"4","1020.76"
"2","1260.34"
"1","662.98"
"4","826.44"
"2","172.23"
"3","348"
"1","111.33"
"3","795.87"
"2","123.92"
"4","195.81"
"3","529.87"
"1","829.36"
"1","1481.44"
"1","389.26"
"3","384.96"
"1","1275.31"
"1","311.56"
"3","252.21"
"1","1270.6"
"2","553.66"
"3","1752.97"
"2","1060.99"
"1","558.36"
"3","443.23"
"2","739.99"
"2","1773.65"
"1","428.37"
"3","472.14"
"1","1140.02"
"1","124.32"
"1","326.85"
"1","1939.56"
"2","191.01"
"2","114.91"
"3","268.08"
"3","1566.75"
"4","1114.83"
"1","246.75"
"1","1479.21"
"1","887.7"
"2","1431.14"
"1","199.45"
"1","602.49"
"1","307.8"
"3","1338.09"
"1","303.46"
"3","505.99"
"2","210.22"
"1","1422.26"
"2","626.47"
"2","898.66"
"3","210.28"
"3","758.42"
"1","787.51"
"3","220.7"
"1","1133.98"
"1","1211.68"
"3","217.99"
"4","68.93"
"1","653.45"
"3","111.49"
"4","424.42"
"1","49.17"
"2","1359.87"
"2","1630.66"
"2","1422.26"
"4","757.13"
"1","977.44"
"3","515.05"
"2","490.81"
"1","408.83"
"4","636.88"
"2","973.9"
"1","185.27"
"2","846.15"
"3","1120.23"
"2","1555.52"
"2","216.65"
"3","683.2"
"1","582.41"
"1","1341.12"
"3","1457.02"
"1","1118.01"
"2","130.09"
"2","609.84"
"1","1840.5"
"2","1453.06"
"3","747.08"
"3","807.39"
"1","97.88"
"3","784.61"
"2","769.23"
"1","155.5"
"3","96.66"
"3","747.5"
"3","648.34"
"3","429.15"
"3","129.99"
"2","1201.1"
"3","900.48"
"2","1001.72"
"2","455.18"
"1","709.79"
"1","196.49"
"4","607.05"
"2","926.5"
"3","257.43"
"1","1122.01"
"3","273.42"
"2","1603.5"
"1","168.31"
"2","656.98"
"1","532.15"
"3","365.01"
"1","531.54"
"4","1078.44"
"2","1411.87"
"1","209.1"
"1","146.07"
"1","1220.48"
"3","177.57"
"3","287.55"
"2","129.15"
"4","1894.35"
"2","730.09"
"1","409.03"
"2","1034.17"
"3","316.69"
"1","1290.76"
"1","850.49"
"1","557.03"
"1","262.23"
"3","880.79"
"4","404.97"
"2","812.77"
"3","1072.6"
"3","1132.91"
"3","152.97"
"1","206.6"
"3","191.7"
"2","957.89"
"1","1010.04"
"3","444.65"
"3","504.66"
"2","1031.34"
"2","737.71"
"2","718.47"
"2","589.52"
"3","278.75"
"2","1151.89"
"2","938.29"
"4","418.73"
"3","542.05"
"2","404.87"
"3","650.96"
"2","309.11"
"1","180.01"
"2","157.98"
"2","1152.03"
"2","127.77"
"1","432.26"
"2","674.16"
"1","1519.6"
"1","326.33"
"2","1595.66"
"2","426.63"
"2","250.21"
"3","1723.11"
"3","242.52"
"1","1355.19"
"3","418.43"
"2","1245.72"
"4","291.86"
"4","384.73"
"1","432.74"
"3","510.17"
"3","319.46"
"3","545.42"
"2","1742.95"
"2","671.6"
"2","114.86"
"3","776.43"
"3","787.15"
"4","869.77"
"2","1138.36"
"2","523.14"
"1","1910.07"
"3","710.13"
"3","173.74"
"3","1466.27"
"1","470.86"
"2","931.88"
"2","664.92"
"1","2020.31"
"2","929.46"
"1","568.75"
"2","191.96"
"3","988.04"
"2","1067.88"
"1","469.11"
"2","943.52"
"3","444.74"
"3","93.18"
"3","541.04"
"4","696.76"
"4","315.5"
"1","572.51"
"2","186.01"
"3","1471.3"
"2","971.35"
"2","1885.64"
"1","2099.57"
"2","518.68"
"4","659.86"
"1","153.85"
"1","185.24"
"1","477.43"
"2","723.67"
"1","1265.95"
"1","569.36"
"1","387.78"
"1","919.98"
"1","185.34"
"2","886.08"
"2","2162.9"
"1","626.43"
"2","111.44"
"2","1463.79"
"3","907.44"
"2","600.11"
"2","979"
"3","994.24"
"3","971.94"
"2","768.47"
"3","327.64"
"2","1482.06"
"3","610.7"
"3","323.85"
"2","1764.51"
"2","555.29"
"3","900.62"
"3","1218.67"
"3","1349.42"
"2","121.25"
"3","617.12"
"1","400.44"
"2","97.38"
"4","332.67"
"2","1132.2"
"2","803.06"
"1","820.92"
"1","426.47"
"3","210.08"
"3","217"
"2","505.96"
"1","1026.31"
"1","424.08"
"2","345.69"
"1","964.1"
"1","176.06"
"1","1102.4"
"4","295.76"
"1","1505.96"
"2","167.57"
"2","207.99"
"1","503.98"
"2","248.21"
"3","711.21"
"4","98.61"
"2","1414.61"
"1","227.57"
"1","742.73"
"1","1286.16"
"2","120.41"
"1","163.13"
"4","1781.44"
"1","168.81"
"1","476.44"
"4","928.88"
"1","351.85"
"1","1356.52"
"3","1754.46"
"3","829.37"
"3","835.16"
"3","319.43"
"3","1978.58"
"2","819.2"
"2","1480.72"
"3","427.86"
"3","716.97"
"1","855.55"
"1","700.42"
"1","589.61"
"3","129.82"
"2","869.12"
"1","1077.61"
"1","750.62"
"4","424.08"
"1","367.72"
"3","235.27"
"3","474.32"
"2","778.87"
"3","398.82"
"4","254.31"
"1","623.72"
"4","431.15"
"4","287.3"
"2","1055.31"
"1","782.57"
"1","628"
"1","118.1"
"2","89.58"
"3","380.5"
"1","2164.28"
"4","124.36"
"1","1414.75"
"2","528.24"
"4","1577.66"
"4","185.36"
"3","1328.92"
"2","359.3"
"1","991.28"
"1","224.58"
"2","272.71"
"3","148.53"
"1","992.83"
"2","306.62"
"3","1582.43"
"1","1048.95"
"4","401.46"
"2","860.02"
"1","828.32"
"3","279.83"
"2","1613.24"
"2","1027.46"
"4","1662.18"
"1","1313.55"
"1","1132.11"
"3","873.79"
"2","427.86"
"2","248.65"
"4","1423.88"
"1","798.23"
"3","188.88"
"2","364.86"
"3","194.11"
"1","918.27"
"2","161.09"
"3","873.54"
"4","868.06"
"4","229.65"
"3","682.57"
"1","1240.67"
"3","389.64"
"3","218.47"
"3","616.94"
"2","404.61"
"2","727.46"
"2","895.68"
"2","491.15"
"2","1251.56"
"1","181.9"
"4","1180.16"
"1","73.7"
"4","801.85"
"1","294.39"
"2","632.24"
"1","1440.71"
"1","910.76"
"3","445.76"
"1","1149.12"
"2","827.68"
"1","1720.83"
"2","400.48"
"2","765.51"
"4","291.91"
"2","926.17"
"2","114.68"
"2","110.92"
"1","296.05"
"3","1020.37"
"4","643.6"
"3","407.46"
"1","825.91"
"2","528.78"
"2","130.51"
"2","493.67"
"2","1012.59"
"4","1778.26"
"1","414.72"
"3","414.64"
"4","1705.93"
"4","842.04"
"3","789.43"
"3","180.47"
"2","1253.19"
"4","512.61"
"2","162.47"
"2","475.29"
"1","296.38"
"3","283.92"
"4","590.63"
"3","1671.05"
"1","172.29"
"2","1137.97"
"1","703.3"
"1","1242.17"
"3","162.93"
"2","1121.39"
"3","908.01"
"3","345.55"
"3","574.62"
"2","1130.31"
"3","349.07"
"4","405.06"
"3","833.21"
"3","925.35"
"3","542.08"
"1","861.24"
"3","556.66"
"2","562.02"
"4","1314.01"
"4","611.27"
"1","720.98"
"3","487.32"
"4","128.59"
"2","270.09"
"2","509.75"
"1","262.37"
"2","353.04"
"2","297.47"
"3","551.02"
"3","1441.07"
"3","45.01"
"1","1102.63"
"1","422.1"
"4","914.39"
"3","1627.24"
"2","906.8"
"2","803.59"
"2","214.07"
"1","106.91"
"4","697.41"
"3","1680.9"
"1","546.11"
"2","1138.65"
"1","1314.8"
"4","214.18"
"3","1129.25"
"2","778.19"
"4","378.87"
"2","469.09"
"4","652.82"
"4","725.04"
"3","426.36"
"3","323.05"
"3","47.74"
"1","106.13"
"2","1294.13"
"1","1342.04"
"3","99.37"
"3","1020.56"
"3","1228.95"
"1","367.65"
"2","1213.6"
"2","666.58"
"3","1364.58"
"3","1089.93"
"2","544.69"
"3","1621.9"
"4","125.92"
"3","327.41"
"1","262.93"
"2","456.36"
"1","61.27"
"3","307.57"
"1","1443.88"
"4","829.12"
"2","1369.2"
"3","450.53"
"3","447.7"
"2","1105.07"
"1","1313.62"
"2","352.05"
"3","790.93"
"3","276.34"
"3","684.44"
"3","688.99"
"1","985.42"
"1","563.1"
"3","725.82"
"3","1061.05"
"2","255.3"
"4","639.66"
"1","817.9"
"4","579.03"
"2","593.55"
"1","499.89"
"4","589.06"
"4","189.1"
"2","268.52"
"3","867.02"
"1","593.81"
"2","989.34"
"3","663.94"
"1","559.64"
"2","1706.58"
"2","74.78"
"1","485.89"
"4","310.44"
"3","619.02"
"2","792.19"
"3","770.94"
"1","745.74"
"3","382.2"
"1","1034.71"
"2","86.99"
"3","490.74"
"1","163.69"
"3","49.31"
"1","646.2"
"2","704.43"
"3","349.3"
"2","1270.05"
"4","278.02"
"2","350"
"3","1502.24"
"3","618.85"
"2","368.66"
"1","472.08"
"3","933.32"
"1","1044.47"
"2","739.97"
"2","828.72"
"4","567.07"
"2","968.89"
"2","203.32"
"2","96.36"
"1","88.98"
"3","591.16"
"1","114.5"
"3","1306.5"
"4","1015.24"
"2","1197.31"
"1","1373.76"
"2","352.3"
"3","1683.86"
"1","153.19"
"1","853.5"
"3","889.59"
"2","534.77"
"4","518.76"
"2","1715.27"
"3","147.78"
"3","1334.29"
"3","1506.81"
"3","305.02"
"3","304.45"
"2","319.33"
"1","46.64"
"1","49.74"
"1","1017.24"
"4","254.15"
"2","214.41"
"1","1190.73"
"4","507.41"
"2","1390.64"
"3","51.85"
"3","706.4"
"3","321.07"
"1","398.09"
"1","394.94"
"3","239.67"
"3","251.12"
"4","821.55"
"2","1148.78"
"3","987.06"
"2","996.7"
"1","1427.78"
"1","1068.37"
"2","1679.79"
"2","1077.14"
"3","123.01"
"2","1016.48"
"1","169.6"
"2","845.46"
"3","899.69"
"1","452.4"
"2","569.5"
"4","259.68"
"3","430.24"
"4","432.15"
"4","537.86"
"3","482.22"
"4","1117.95"
"3","68.28"
"2","583.41"
"1","225.81"
"2","97.3"
"2","802.92"
"3","573.09"
"1","399.05"
"3","1638.32"
"2","809.4"
"4","298.91"
"4","606.57"
"3","872.33"
"1","1281.59"
"2","679.49"
"3","634.81"
"3","729.26"
"1","1203.61"
"1","703.89"
"3","457.8"
"2","59.04"
"2","1549.19"
"3","750.28"
"3","1034.39"
"1","546.26"
"1","1177.77"
"1","312.21"
"3","797.73"
"3","1017.15"
"1","348.88"
"4","1734.56"
"2","775.2"
"2","1274.81"
"2","1292.85"
"2","999.1"
"4","796.18"
"3","743.96"
"2","1261.02"
"1","749.8"
"2","1377.52"
"1","777.78"
"2","127.17"
"2","589.93"
"3","242"
"1","1244.26"
"4","397.29"
"3","122.3"
"2","1089.34"
"2","1304.62"
"2","199.71"
"1","332.45"
"1","278.5"
"1","1521.79"
"3","603.97"
"3","159.53"
"3","1175.2"
"3","51.71"
"2","384.86"
"1","666.15"
"4","56.88"
"3","92.66"
"1","1236.44"
"2","226.71"
"3","197.22"
"3","755.55"
"4","466.26"
"3","1142.08"
"2","569.94"
"1","729.12"
"2","649.57"
"1","646.04"
"4","1317.33"
"2","138.25"
"2","656.35"
"3","296.67"
"2","873.66"
"4","1796.98"
"2","929.51"
"4","711.11"
"1","630.42"
"2","1636.47"
"3","1539.09"
"2","657.71"
"1","771.35"
"2","522.8"
"1","1264.47"
"4","1438.46"
"3","76.33"
"4","69.06"
"2","569.77"
"1","774.8"
"1","310.33"
"2","654.42"
"3","1155.89"
"1","1450.66"
"3","286.26"
"4","907.13"
"4","528.96"
"2","812.31"
"4","446.29"
"2","294.1"
"1","1320.29"
"1","427.15"
"1","54.32"
"3","166.23"
"4","176.91"
"2","251.34"
"2","583.11"
"3","82.74"
"4","487.76"
"4","1156.61"
"3","327.75"
"3","332.36"
"2","94.96"
"4","143.86"
"2","575.46"
"3","567.76"
"2","750.67"
"2","857.12"
"1","1957.64"
"3","1107.17"
"1","973.2"
"1","581.07"
"2","2032.39"
"4","691.94"
"3","1427.06"
"3","548.4"
"2","542.18"
"3","114.75"
"1","1109.3"
"3","179.11"
"4","447.35"
"1","1085.58"
"3","1350.33"
"3","198.62"
"2","466.76"
"1","1303.96"
"4","912.36"
"4","734.11"
"4","346.7"
"2","863.89"
"3","394.05"
"1","48.76"
"3","670.28"
"1","465.66"
"1","524.9"
"2","170.86"
"3","353.59"
"1","1149.68"
"4","708.64"
"2","311.31"
"4","342.76"
"1","182.33"
"2","410.32"
"1","1206.85"
"3","1365.04"
"4","715.14"
"2","903.79"
"1","989.92"
"2","788.88"
"3","672.77"
"3","1026.48"
"1","246.12"
"4","919.09"
"3","781.2"
"1","158.56"
"1","1179.65"
"1","199.19"
"1","510.8"
"2","266.86"
"1","1382.68"
"1","1091.36"
"3","1340.46"
"2","605.41"
"4","1017.72"
"2","1125.02"
"2","284.45"
"2","935.1"
"1","1628.88"
"2","123.75"
"1","193.09"
"1","1705.44"
"4","1140.34"
"3","1135.61"
"2","889.07"
"2","421.44"
"3","451.79"
"4","660.65"
"2","487.07"
"3","192.15"
"4","534.76"
"3","549.27"
"1","550"
"3","1258.78"
"1","446.24"
"2","1241.05"
"1","140.95"
"1","443.73"
"3","131.18"
"2","265.57"
"3","168.13"
"2","696.65"
"1","747.13"
"3","878.68"
"3","2077.13"
"3","1569.64"
"3","88.89"
"3","193.85"
"1","1147.48"
"2","1564.42"
"2","158.67"
"2","605.64"
"3","1627.19"
"3","907.53"
"2","726.75"
"4","126.23"
"2","2161.9"
"1","362.2"
"3","216.11"
"2","97.65"
"2","1971.86"
"3","1024.63"
"2","497.71"
"2","815.41"
"3","338.58"
"2","1219.78"
"2","367.99"
"1","1012.26"
"3","251.85"
"1","855.36"
"4","380.87"
"2","1543.29"
"3","325.26"
"1","340.43"
"4","1805.01"
"1","97.14"
"1","454.55"
"1","964.04"
"1","1082.43"
"2","1041.56"
"2","385.8"
"3","605.29"
"4","636.12"
"4","995.29"
"3","1755.44"
"1","453.26"
"3","648.43"
"4","96.05"
"4","673.79"
"4","1414.65"
"1","681.36"
"1","1760.5"
"3","625.5"
"3","1034.17"
"1","656.35"
"4","1114.43"
"2","131.4"
"3","1083.14"
"1","542.81"
"4","726.9"
"2","188.91"
"1","726.41"
"3","1185.16"
"1","651.17"
"2","1096.93"
"4","501.94"
"3","205.42"
"2","460.81"
"2","745.2"
"2","1787.19"
"2","930.8"
"3","125.76"
"2","1566.27"
"1","228.29"
"4","150.07"
"2","1146.52"
"1","441.85"
"4","780.17"
"3","156.36"
"2","576.29"
"1","713.7"
"4","1355.74"
"3","356.91"
"1","512.3"
"3","674.1"
"1","298.2"
"1","823.75"
"4","1029.5"
"4","372.64"
"3","2002.26"
"3","496.45"
"3","441.96"
"3","962.47"
"2","644.89"
"4","487.72"
"3","134.3"
"1","155.01"
"1","836.29"
"3","147.72"
"3","179.87"
"2","464.06"
"1","555.04"
"1","882.26"
"4","593.87"
"3","1446.87"
"2","300.41"
"2","246.95"
"2","1561.17"
"1","1159.73"
"1","754.41"
"1","1252.46"
"1","1190.05"
"3","449.59"
"3","156.52"
"3","1443.1"
"1","214.1"
"4","859.88"
"3","125.13"
"1","965.98"
"2","1207.77"
"3","232.63"
"2","395.61"
"1","741.91"
"3","1062.66"
"2","1036.49"
"2","788.64"
"1","1775.09"
"2","565.97"
"3","1219.62"
"4","753.22"
"1","567.04"
"2","410.34"
"1","543.37"
"4","1832.55"
"2","210.97"
"1","730.61"
"3","195.35"
"2","1192.04"
"2","196.4"
"3","137.93"
"1","496.55"
"3","1381.92"
"1","628.08"
"2","470.23"
"2","773.29"
"2","557.12"
"2","197.68"
"2","668.72"
"1","358.96"
"4","2253.19"
"3","992.6"
"1","444.08"
"3","912.67"
"1","275.94"
"1","147.06"
"2","499.01"
"1","1692.44"
"2","670.27"
"3","1403.68"
"3","707.91"
"3","331.16"
"1","897.96"
"1","713.29"
"2","2207.79"
"1","839.74"
"2","179.32"
"1","494.87"
"3","210.16"
"2","1240.09"
"2","365.31"
"4","879.37"
"1","2026.21"
"1","278.89"
"3","452.26"
"2","695.58"
"2","125.3"
"1","1411.05"
"1","847.7"
"4","643.3"
"2","1137.01"
"3","83.17"
"1","132.63"
"1","1159.45"
"1","877.91"
"3","179.93"
"3","834.59"
"3","1115.9"
"1","553.43"
"2","660.74"
"2","472.66"
"2","1121.2"
"3","671.69"
"4","327.89"
"2","269.56"
"3","331.81"
"1","287.6"
"1","172.85"
"1","202.02"
"3","377.28"
"1","764.23"
"3","91.57"
"1","1026.31"
"4","1298.8"
"3","1691.65"
"2","1226.65"
"2","94.8"
"3","879.8"
"1","228.37"
"1","557.73"
"1","1294.89"
"4","497.82"
"2","1159.55"
"2","986.27"
"3","449.52"
"1","931.03"
"1","1637.78"
"2","1119.84"
"3","452.59"
"3","1075.45"
"4","723.22"
"2","746.63"
"4","332.83"
"2","409.91"
"3","1008.59"
"3","1633.15"
"2","830.83"
"2","617.08"
"3","1974.3"
"3","823.13"
"2","545.26"
"1","1595.42"
"3","1652.65"
"3","998.02"
"2","1168.39"
"2","1794.35"
"1","157.35"
"3","315.89"
"3","668.13"
"2","1241.87"
"2","977.2"
"3","1737.36"
"4","343.8"
"2","641.95"
"1","866.03"
"3","819.07"
"2","577.72"
"2","1166.08"
"1","618.79"
"3","227.75"
"2","483.67"
"1","1286.38"
"3","1324.12"
"3","1058.7"
"1","440.68"
"3","150.42"
"2","1817.25"
"2","276.48"
"3","800.38"
"2","693.94"
"2","394.98"
"1","1198.94"
"1","347.97"
"1","985.93"
"3","1052.62"
"1","1876.74"
"2","331.58"
"3","884.18"
"1","547.27"
"2","1319.89"
"1","825.84"
"3","348.15"
"1","202.69"
"1","135.43"
"3","371.13"
"1","131.01"
"4","49.03"
"1","944.56"
"3","644.63"
"1","367.85"
"4","426.3"
"3","1428.53"
"1","47.31"
"1","959.79"
"3","66.85"
"4","1137.9"
"3","188.99"
"3","633.94"
"3","872.23"
"2","1688.9"
"1","663.69"
"1","718.9"
"2","503.33"
"3","415.57"
"1","1038.04"
"3","355.11"
"1","1104.8"
"4","264.67"
"1","705.02"
"4","1175.14"
"1","339.37"
"1","1028.41"
"1","117.1"
"1","652.08"
"2","348.27"
"1","185.41"
"3","139.5"
"3","369.39"
"2","380.32"
"2","1286.06"
"1","683.42"
"3","348.09"
"2","863.52"
"1","2040.83"
"1","46.52"
"2","1739.46"
"3","152.53"
"4","190.44"
"1","275.74"
"1","182.58"
"3","778.73"
"2","227.06"
"2","833.74"
"2","195.21"
"4","374.65"
"2","619.7"
"4","767.52"
"3","1046.74"
"4","511.63"
"4","1084.92"
"2","1169.71"
"2","858.19"
"1","389.31"
"1","612.52"
"3","238.94"
"3","218.65"
"1","133.72"
"3","619.42"
"2","199.82"
"1","1284.02"
"4","747.06"
"4","1050.73"
"1","570.17"
"1","131.11"
"3","730.58"
"2","553.43"
"4","854.9"
"2","1547.82"
"1","1429.83"
"3","70.18"
"3","766.42"
"1","596.22"
"4","424.13"
"2","1578.67"
"1","268.09"
"3","154.17"
"2","90.16"
"3","567.94"
"1","508.04"
"2","73.22"
"3","1077.33"
"2","1318.06"
"1","634.57"
"2","1261.57"
"1","1174.95"
"1","893.9"
"3","134.11"
"2","273.52"
"1","549.98"
"4","463.08"
"2","400.44"
"1","1236.43"
"2","626.09"
"2","100.65"
"1","236.86"
"2","400.23"
"3","463.52"
"3","1345.39"
"1","763.65"
"1","1514.49"
"3","336.21"
"3","411.25"
"2","587.25"
"2","685.54"
"2","360.92"
"4","792.33"
"3","572.44"
"3","1961.83"
"1","1582.09"
"1","276.91"
"3","375.95"
"3","510.88"
"2","1427.46"
"1","710.86"
"2","987.08"
"2","585.18"
"3","370.45"
"3","1183.89"
"3","1142.86"
"1","995.05"
"2","972.37"
"3","553.83"
"2","240.2"
"2","320.38"
"1","1110.67"
"3","161.85"
"2","1372.48"
"1","337.62"
"1","291.61"
"1","1029.1"
"3","859.21"
"3","306.98"
"1","735.52"
"2","1805.14"
"2","872.91"
"3","1358.24"
"2","199.36"
"1","703.62"
"1","668.38"
"3","538.27"
"1","746.69"
"2","612.82"
"3","1618.54"
"3","865.51"
"2","997.1"
"1","967.85"
"2","211.86"
"4","437.45"
"3","1035.96"
"2","889.52"
"1","256.73"
"3","296.63"
"3","1177.54"
"1","539.04"
"2","798.97"
"3","219.97"
"1","1534.57"
"3","743.42"
"4","258.24"
"2","230.95"
"4","2005.65"
"2","682.88"
"2","1100.83"
"1","778.45"
"2","598.5"
"4","883.44"
"1","271.37"
"1","813.58"
"3","423.44"
"4","521.14"
"2","823.62"
"3","1434.86"
"2","747.34"
"3","116.33"
"4","1429.12"
"2","57.09"
"4","514.03"
"1","1924.89"
"3","339.79"
"1","387.38"
"2","655.34"
"3","1429.22"
"1","434.75"
"3","1006.85"
"3","599.05"
"4","159.46"
"2","345.04"
"2","711.7"
"4","370.59"
"2","399.29"
"1","253.99"
"2","1240.58"
"1","134.73"
"1","761.22"
"1","359.44"
"1","1347.38"
"1","540.3"
"3","838.8"
"3","607.07"
"2","1803.36"
"3","224.83"
"2","1435.37"
"4","596.68"
"1","1558.7"
"2","522.61"
"1","448.57"
"3","578.7"
"4","321.16"
"4","417.87"
"3","394.42"
"1","1002.46"
"1","318.18"
"3","99.29"
"3","114.8"
"3","620.21"
"1","945.11"
"4","387.08"
"1","1188.1"
"4","700.48"
"3","192.8"
"4","405.58"
"3","707.94"
"3","1635.12"
"3","207.4"
"3","816.33"
"3","202.2"
"2","278.11"
"3","959.62"
"2","515.11"
"1","277.89"
"2","123.95"
"2","278.02"
"2","111.06"
"3","714.29"
"3","1232.43"
"3","590.63"
"2","149.73"
"3","74.05"
"2","960.2"
"3","1191.57"
"3","483.62"
"3","288.03"
"4","593.99"
"4","205.37"
"3","375.93"
"2","1306.9"
"2","1941.07"
"1","847.27"
"2","154.83"
"3","1344.95"
"2","383.76"
"2","1180.01"
"4","530.44"
"1","169.96"
"1","1468.62"
"2","852.2"
"3","1605.68"
"3","849.75"
"3","142.48"
"4","585"
"2","569.25"
"2","734.52"
"1","955.78"
"2","98.2"
"4","463.8"
"1","690.91"
"3","1156.3"
"3","978.11"
"2","461.32"
"2","960.88"
"3","786.46"
"1","1128.78"
"4","1904.6"
"1","82.12"
"2","60.34"
"3","917.29"
"4","840.12"
"4","1798.89"
"1","191.96"
"3","1098.16"
"3","114.41"
"3","1520.58"
"3","641.82"
"2","470.8"
"4","186"
"2","551.1"
"1","509.69"
"1","1224.05"
"3","1612.19"
"1","651.62"
"3","636.49"
"3","1135.69"
"2","1313.19"
"3","118.89"
"3","420.59"
"3","1086.88"
"4","47.64"
"3","1365.81"
"1","406.02"
"2","340.84"
"3","144.55"
"4","443.37"
"2","1025.05"
"1","471.73"
"1","322.26"
"1","887.7"
"2","210.24"
"2","1142.77"
"4","1090.42"
"2","498.52"
"2","480.51"
"1","109.21"
"2","85.58"
"3","366.49"
"3","186.3"
"1","1113.72"
"2","1123.5"
"2","2080.63"
"1","836.05"
"2","228.8"
"1","1147.62"
"4","1011.41"
"2","432.32"
"2","664.76"
"1","908.8"
"1","142.57"
"1","190.35"
"1","303.56"
"2","951.1"
"1","144.21"
"1","358.52"
"3","315.44"
